timestamp,10,100,101,120,121,140,150,160,200,201,251,270,300,301,351,352,370,400,450,500,550,600,650,652,1000,1020,1040,1100,1200,1510,2510,3000,4510,5510,6000
20200525_0,80919.703125,17532.369140625,1130.708251953125,6256.29296875,970.5199584960938,1115.9117431640625,31909.490234375,1226.77392578125,4709.90673828125,1568.7432861328125,12782.2294921875,1884.2423095703125,8492.0625,3373.02294921875,7068.04736328125,10015.33984375,3679.73095703125,7550.42529296875,21898.283203125,14531.025390625,12560.43359375,4124.1591796875,1571.501708984375,1430.0225830078125,28102.56640625,611.3098754882812,3381.6044921875,0.0,3895.268310546875,1740.6517333984375,4749.90966796875,0.0,2801.0400390625,1877.159423828125,2869.20947265625
20200525_1,63761.4375,14427.6875,939.313720703125,5376.56005859375,766.4268188476562,925.5375366210938,25087.65234375,990.2764282226562,4164.4267578125,1321.8123779296875,9900.5498046875,1275.2470703125,7029.88232421875,2847.484619140625,5541.36767578125,8085.55517578125,3377.025634765625,7098.466796875,17392.93359375,10608.353515625,10199.0849609375,2988.295166015625,915.8941650390625,1304.4156494140625,21731.58984375,461.858154296875,2981.770263671875,0.0,2843.70654296875,1455.3966064453125,3986.747314453125,0.0,2558.2685546875,1717.5460205078125,2567.486328125
20200525_2,58525.09375,15236.552734375,1060.177734375,5267.68310546875,967.349365234375,1023.4325561523438,21217.916015625,972.2083129882812,4092.61572265625,1551.774658203125,9904.76171875,1358.3692626953125,6676.46533203125,2937.071044921875,5365.5849609375,7766.71484375,3143.318359375,7587.96533203125,15089.5146484375,9030.6328125,10654.7841796875,2385.90673828125,801.197021484375,1469.5965576171875,17501.7421875,803.7908935546875,2961.546142578125,0.0,2200.39892578125,1321.808349609375,4238.65234375,0.0,3329.5712890625,2046.073974609375,3128.91259765625
20200525_3,51984.5234375,14649.87890625,805.5889892578125,5067.5400390625,630.414794921875,896.2333984375,18372.828125,865.0503540039062,3654.76611328125,1682.1014404296875,8620.546875,1313.4234619140625,6656.353515625,2660.2421875,4835.3720703125,6698.96044921875,2898.229736328125,7660.13818359375,14686.5087890625,7677.2109375,9539.2197265625,1885.1021728515625,517.9113159179688,1248.9599609375,13006.287109375,574.457275390625,2494.9228515625,0.0,1486.3193359375,1154.01025390625,4144.2109375,0.0,3077.631103515625,1805.0224609375,2885.02099609375
20200525_4,68435.8984375,18504.501953125,880.111328125,5669.32958984375,495.7835388183594,856.5405883789062,27666.453125,1037.00927734375,3659.537841796875,1846.270263671875,9055.927734375,1849.212646484375,7637.1376953125,2845.702880859375,5158.7861328125,9414.650390625,3876.55810546875,9739.54296875,18454.853515625,15611.6513671875,10278.44921875,1732.2086181640625,411.9678955078125,1489.1982421875,28060.40625,274.7885437011719,3334.3662109375,0.0,3210.27783203125,1222.946533203125,4341.8212890625,0.0,3099.42626953125,2015.385498046875,3365.340576171875
20200525_5,131192.3125,35953.3125,2355.903076171875,8486.083984375,2115.815185546875,1622.461181640625,54628.04296875,2040.1640625,5378.79443359375,2593.0625,17505.7890625,3778.474853515625,10346.6728515625,5002.2470703125,8564.826171875,20720.50390625,6530.8896484375,16177.4814453125,26633.609375,38488.546875,19936.3671875,2598.57275390625,1594.912109375,3278.985595703125,72690.78125,1611.6761474609375,7322.2080078125,11437.26171875,8991.474609375,1781.6787109375,6797.68310546875,337.3499450683594,6954.12890625,4440.103515625,7448.90869140625
20200525_6,215303.453125,61974.72265625,4793.77587890625,13023.3955078125,5317.484375,3114.2255859375,85601.0234375,3657.612548828125,8337.2734375,3837.32373046875,32928.30078125,6234.76318359375,13715.134765625,8675.087890625,14455.59765625,36702.3984375,9375.9892578125,24354.4375,35309.90625,65548.828125,37108.62890625,4627.591796875,4268.552734375,5792.69580078125,123969.671875,4547.0693359375,12755.7529296875,24774.654296875,15933.076171875,2579.768798828125,11640.2412109375,1625.0975341796875,14310.2236328125,8454.947265625,14154.37109375
20200525_7,274985.5,81850.234375,6920.65771484375,17673.39453125,8228.412109375,4600.17138671875,105575.0234375,5103.04736328125,11038.2177734375,5078.33544921875,47949.11328125,8147.4482421875,16456.423828125,12045.4150390625,20465.443359375,49241.6015625,11038.0224609375,30108.0703125,41893.38671875,82843.453125,52963.078125,7263.1240234375,7449.9443359375,7372.662109375,153187.578125,6964.33056640625,16123.0126953125,32291.73828125,19764.517578125,3333.144287109375,16672.1796875,3006.440185546875,20229.537109375,11583.54296875,19277.75
20200525_8,300673.375,91406.53125,8526.357421875,22056.078125,9650.453125,5741.7197265625,118063.5703125,5995.48876953125,13259.341796875,6388.61572265625,58801.73828125,10254.5302734375,19532.900390625,14681.076171875,26104.56640625,56552.38671875,12024.7119140625,33655.9609375,48873.375,91334.3671875,63373.15234375,10317.09765625,10412.7373046875,8114.4248046875,159308.53125,7718.35693359375,16707.96484375,33253.1875,19906.64453125,4300.921875,20103.376953125,3598.0517578125,21603.28125,12767.642578125,21097.65234375
20200525_9,315822.96875,98993.3671875,10166.8330078125,26484.015625,10001.6298828125,6657.4677734375,133535.59375,6550.388671875,15814.0283203125,8129.89013671875,66948.1953125,13607.490234375,24593.767578125,17456.638671875,32217.6484375,62326.44921875,13251.5673828125,37547.09765625,58668.11328125,100082.1640625,71411.1171875,14390.21484375,13336.58984375,9355.576171875,158683.21875,7854.31298828125,16696.2578125,32090.462890625,18887.427734375,5767.484375,22053.958984375,3354.1611328125,20481.373046875,13049.1748046875,21736.048828125
20200525_10,332083.53125,108158.515625,11589.9990234375,29938.017578125,10072.908203125,7275.25244140625,148806.109375,6957.40625,18461.27734375,9865.1103515625,72471.984375,17114.34375,30477.591796875,20069.703125,37797.0,67065.203125,14216.3994140625,41046.90234375,68247.34375,109103.265625,78459.140625,19471.048828125,16314.9775390625,11080.1298828125,157911.75,8272.712890625,17314.294921875,31639.380859375,18352.73828125,7243.18603515625,23206.740234375,2948.083984375,19903.583984375,13337.6435546875,22818.990234375
20200525_11,340782.75,112594.6875,12043.23046875,30951.62109375,10141.7431640625,7444.98388671875,153638.875,7151.88330078125,19909.822265625,10658.794921875,73583.5078125,18754.275390625,33923.765625,21061.98046875,40633.109375,67850.265625,14082.4306640625,41542.32421875,72980.40625,111910.78125,81705.8359375,23893.404296875,18702.73828125,11912.3564453125,154784.625,8369.8701171875,17717.431640625,31917.33203125,18191.220703125,7919.111328125,23624.20703125,2888.72900390625,20037.5625,13467.0654296875,23450.587890625
20200525_12,339949.375,109773.015625,11762.0029296875,30172.755859375,10284.98046875,7437.599609375,150179.0,7156.806640625,19859.26171875,10461.0556640625,72181.3203125,18565.091796875,33931.5390625,20445.107421875,40846.09765625,65506.55859375,13441.5458984375,39868.078125,73336.6171875,109469.234375,81152.6796875,25889.46875,19902.17578125,11503.228515625,152671.875,7780.275390625,17473.978515625,32527.85546875,18305.140625,7806.31201171875,23399.5234375,3084.093994140625,19880.09765625,13340.794921875,22985.37109375
20200525_13,340705.28125,106831.703125,11731.818359375,29917.16796875,10573.5419921875,7637.66943359375,150157.375,7179.8115234375,19505.93359375,10208.09765625,73016.765625,18394.412109375,33066.4765625,20111.3125,40974.4609375,64897.84375,13506.263671875,39395.82421875,73789.5078125,109008.6484375,81349.9453125,25765.79296875,20158.21484375,11016.248046875,156537.921875,7492.93994140625,17448.3203125,33004.79296875,18854.837890625,7717.83251953125,23293.193359375,3205.902587890625,19704.41015625,13348.2607421875,22606.755859375
20200525_14,349917.78125,109726.3828125,12237.171875,31215.71484375,10967.15234375,8011.2548828125,156895.265625,7357.3916015625,19909.5546875,10481.9501953125,77143.25,19130.28125,33853.03125,21196.478515625,42540.93359375,67973.828125,14321.4052734375,40846.89453125,76651.1171875,112277.9453125,84733.0703125,25243.564453125,20145.234375,11230.20703125,163698.671875,8268.2109375,18031.77734375,33041.6015625,19554.068359375,8102.56787109375,24107.423828125,3221.76611328125,20211.490234375,13668.603515625,23358.279296875
20200525_15,364604.625,115903.1171875,12759.365234375,32882.3203125,11534.4248046875,8385.1650390625,162721.359375,7660.57666015625,20922.1875,10909.462890625,81259.46875,19934.70703125,35711.39453125,22728.25,44552.203125,71744.0859375,14998.2958984375,42066.4921875,80196.5,115060.1953125,88857.2265625,24827.77734375,20081.462890625,11720.8447265625,170407.078125,9457.8125,18594.78125,34012.3984375,20323.353515625,8513.390625,25849.8828125,3435.51611328125,21341.75,14267.4345703125,24873.349609375
20200525_16,376679.34375,119549.7578125,12869.5869140625,33196.16796875,12323.2255859375,8762.9951171875,160919.6875,7923.20703125,21604.9765625,10906.6474609375,82574.84375,19801.07421875,36148.54296875,23168.44140625,45048.125,72809.234375,15025.3310546875,41769.60546875,81550.3203125,114903.0078125,90391.9140625,23247.216796875,19445.875,11854.42578125,177567.546875,10109.6298828125,18756.953125,37274.73046875,21581.9375,8314.166015625,27504.177734375,3989.29345703125,22754.865234375,15131.462890625,26269.4140625
20200525_17,371872.09375,116418.546875,12215.7705078125,31088.009765625,12593.486328125,8838.58203125,150343.703125,7776.53759765625,20828.798828125,10241.0966796875,79730.59375,18329.017578125,33607.5390625,21839.408203125,42432.47265625,69688.65625,14348.2998046875,39857.453125,78866.7890625,110944.4453125,86949.25,19675.310546875,17412.328125,11251.7802734375,181728.921875,9922.8349609375,18515.30078125,40216.11328125,22790.765625,7394.97314453125,27365.685546875,4442.25439453125,23689.94140625,15564.724609375,26393.271484375
20200525_18,338306.1875,103726.1640625,10284.2412109375,26272.09765625,11126.2197265625,7876.76513671875,132253.9375,6860.17919921875,17882.970703125,8882.71484375,71110.4140625,15435.5595703125,28564.400390625,18776.65234375,36081.45703125,61901.953125,12899.5908203125,35530.00390625,72003.3046875,100485.4453125,76327.4453125,15142.421875,13692.35546875,9526.0458984375,173672.109375,8742.0625,17407.74609375,38201.5546875,22337.3671875,6075.470703125,24264.93359375,4114.5673828125,22437.517578125,14211.86328125,23722.458984375
20200525_19,286970.875,83126.34375,7276.2294921875,19789.943359375,8016.62451171875,5785.9140625,110856.984375,5359.45849609375,13415.0654296875,7038.25146484375,57470.109375,11688.095703125,22807.509765625,14620.2734375,27418.962890625,50860.9921875,10940.5400390625,28731.53125,63053.05859375,83523.4140625,59480.90234375,11170.1298828125,9181.669921875,6847.90869140625,153644.40625,6545.880859375,15149.369140625,31347.58203125,19980.90234375,4714.46435546875,19085.9453125,2945.40234375,18196.97265625,10970.384765625,18223.09375
20200525_20,244561.9375,62705.86328125,4537.173828125,13905.8740234375,5095.4677734375,3654.01953125,92244.7578125,3982.124755859375,9265.66015625,5290.93359375,43957.51953125,8387.1552734375,18007.595703125,10674.5791015625,19481.58984375,40192.36328125,9142.330078125,21978.955078125,54796.38671875,65892.46875,42611.4453125,8010.20849609375,5444.859375,4404.88818359375,133206.03125,4214.53125,12583.3916015625,24551.9921875,17470.75,3527.770263671875,14294.1396484375,1690.754150390625,13094.826171875,7773.36328125,12553.0908203125
20200525_21,215554.421875,48702.59765625,3030.7314453125,10034.0673828125,3660.07568359375,2454.15380859375,76460.2421875,3115.992431640625,6538.1845703125,4053.928466796875,34392.62109375,6138.0009765625,14380.4150390625,7817.3583984375,13815.2177734375,31666.015625,7649.76806640625,17436.90234375,47385.546875,51304.19140625,30858.859375,4943.623046875,3194.3671875,3101.579345703125,115432.1640625,2864.656982421875,10510.5224609375,19883.755859375,15631.154296875,2511.392578125,11224.0859375,1027.35546875,9870.4189453125,6151.6689453125,9157.6513671875
20200525_22,176196.09375,37828.84765625,2132.818359375,7359.33984375,2919.93115234375,1861.8905029296875,57159.265625,2420.219970703125,4545.66015625,3032.54443359375,26269.638671875,4080.578857421875,10839.236328125,5535.73681640625,9024.8984375,23094.89453125,5918.10791015625,13927.0390625,38628.0390625,36412.3671875,22157.203125,1679.71630859375,1695.989013671875,2346.58447265625,90837.78125,2280.494873046875,8411.556640625,14544.275390625,13146.96875,1511.0645751953125,8815.115234375,786.340087890625,8205.529296875,5268.7158203125,7217.35546875
20200525_23,118527.3046875,25052.419921875,963.44921875,4667.640625,1732.7938232421875,1130.5050048828125,34163.578125,1560.7252197265625,2452.433349609375,1839.4375,16435.83203125,1577.05029296875,6896.3876953125,3135.294677734375,3847.444580078125,13412.3564453125,3971.94091796875,9838.2509765625,28397.4609375,19763.296875,12680.998046875,0.0,93.94729614257812,1271.4873046875,59612.86328125,1442.5894775390625,5840.22412109375,7677.67578125,9512.51171875,537.3797607421875,5887.96728515625,437.6860046386719,6119.69921875,3823.19482421875,4824.5234375
20200526_0,69684.046875,13994.7119140625,0.0,2420.27099609375,573.03759765625,400.1926574707031,16837.38671875,826.1220703125,821.9036254882812,816.6820678710938,7855.2431640625,0.0,3648.89111328125,1228.78271484375,0.0,6088.2421875,2683.611328125,6559.88134765625,19751.841796875,7428.05419921875,4669.30029296875,0.0,0.0,298.7951965332031,37251.84765625,459.5752258300781,3862.305419921875,2837.28857421875,6537.54833984375,0.0,3293.169189453125,0.0,3964.376708984375,2410.39208984375,2598.1865234375
20200526_1,49304.3671875,10312.03515625,0.0,1537.591552734375,358.8446044921875,191.4910430908203,9414.353515625,560.09521484375,371.10858154296875,506.685302734375,4612.4267578125,0.0,2114.989013671875,631.4185791015625,0.0,3532.53466796875,2279.912109375,5717.76953125,14560.1875,2861.841796875,2052.66015625,0.0,0.0,148.86038208007812,29412.857421875,247.82571411132812,3331.62109375,1444.953125,5311.47900390625,0.0,2343.7109375,0.0,3527.29931640625,2139.3173828125,2141.634765625
20200526_2,41062.359375,10586.46875,0.0,1449.00927734375,550.8733520507812,275.32672119140625,5032.10302734375,516.1015625,412.03692626953125,680.744384765625,4292.9111328125,0.0,1727.177490234375,661.0643920898438,0.0,2630.0966796875,1954.3834228515625,5835.2001953125,11625.029296875,685.41796875,2297.158935546875,0.0,0.0,297.0417175292969,23700.58203125,530.0723266601562,3182.281005859375,319.28173828125,4484.9814453125,0.0,2422.375244140625,0.0,4105.3466796875,2356.9453125,2555.6298828125
20200526_3,31764.056640625,9515.404296875,0.0,1292.576171875,206.57717895507812,138.61610412597656,1771.560546875,386.9434814453125,104.23133850097656,762.9635009765625,2726.84130859375,0.0,1710.60302734375,337.22174072265625,0.0,1028.0970458984375,1627.78369140625,5557.57666015625,10651.1298828125,0.0,1018.0414428710938,0.0,0.0,67.05406188964844,17725.09765625,244.4457550048828,2589.69921875,0.0,3581.047607421875,0.0,2169.8515625,0.0,3663.362060546875,2006.8302001953125,2173.44189453125
20200526_4,45734.4453125,12941.435546875,0.0,1961.412841796875,66.42564392089844,94.19280242919922,10754.1044921875,541.1028442382812,255.4558868408203,887.3572387695312,2926.20654296875,0.0,2733.021484375,489.4867248535156,0.0,3265.29150390625,2535.90966796875,7313.31689453125,13914.8212890625,6236.65087890625,1644.4178466796875,0.0,0.0,305.8261413574219,31318.125,0.0,3307.70654296875,2244.0732421875,5110.5068359375,0.0,2226.447265625,0.0,3500.385498046875,2111.18994140625,2526.205078125
20200526_5,106311.59375,30022.498046875,1135.0595703125,4868.22265625,1683.0614013671875,860.33349609375,37515.00390625,1530.8807373046875,2136.5224609375,1603.1361083984375,11189.28125,1373.473876953125,5522.01025390625,2627.388916015625,1575.0926513671875,14154.0625,5132.21240234375,13457.2392578125,21659.640625,28697.294921875,11242.6279296875,0.0,0.0,2102.180419921875,74522.3359375,1182.103759765625,7179.9169921875,13271.16015625,10694.587890625,170.4056854248047,4560.05322265625,276.9224853515625,7177.5537109375,4434.13134765625,6494.408203125
20200526_6,188566.234375,55741.19140625,3592.39599609375,9517.9990234375,4883.71337890625,2357.37890625,68402.4453125,3139.54248046875,5270.9833984375,2825.4609375,26476.94140625,3860.909423828125,9007.0234375,6296.7060546875,7659.4267578125,29785.1484375,7932.17236328125,21372.9296875,29976.212890625,55415.59765625,28410.103515625,0.0,1931.126708984375,4630.5458984375,124425.2734375,4075.482666015625,12504.830078125,26148.544921875,17438.4453125,1040.7294921875,9300.5625,1541.9307861328125,14365.18359375,8352.515625,13097.98046875
20200526_7,246731.3125,75382.40625,5746.5869140625,14302.0361328125,7796.22607421875,3853.71826171875,88409.5,4580.89111328125,8160.76611328125,4053.82275390625,41416.9375,5819.537109375,11900.81640625,9679.015625,13899.6416015625,42043.86328125,9562.50390625,26900.71875,36276.71484375,72447.7578125,44315.83984375,2147.205810546875,5225.1962890625,6233.22216796875,152331.890625,6456.61962890625,15771.5439453125,33215.8671875,21073.45703125,1871.683837890625,14251.8603515625,2901.41064453125,20126.779296875,11390.9716796875,18134.0546875
20200526_8,271254.125,84775.2578125,7387.2763671875,18839.24609375,9222.6416015625,5010.75537109375,101051.65625,5473.99951171875,10582.1494140625,5360.81982421875,52244.16015625,7987.00390625,15164.158203125,12342.3544921875,19803.892578125,49147.56640625,10531.318359375,30260.388671875,43051.9453125,80759.9375,54833.75,5557.431640625,8305.154296875,7005.61767578125,157219.5625,7180.8349609375,16265.0078125,33742.3828125,21022.341796875,2921.80078125,17624.74609375,3472.2861328125,21355.076171875,12492.158203125,19882.13671875
20200526_9,285598.5,92271.03125,9070.1689453125,23440.876953125,9581.1259765625,5947.0087890625,116798.4296875,6034.3134765625,13346.9794921875,7108.15283203125,60421.30859375,11414.3017578125,20444.28515625,15161.3076171875,26214.439453125,54790.19921875,11754.341796875,34002.65234375,52720.66015625,89415.90625,63035.890625,9992.267578125,11350.1904296875,8285.107421875,155451.234375,7293.6357421875,16171.7197265625,32163.904296875,19814.857421875,4474.84375,19539.990234375,3209.022216796875,20101.31640625,12698.8046875,20464.904296875
20200526_10,301417.03125,101418.140625,10542.8310546875,27086.220703125,9662.751953125,6590.1787109375,132463.90625,6451.4287109375,16212.6328125,8858.6298828125,66031.8515625,15008.76953125,26577.41015625,17833.296875,32120.84375,59474.4140625,12729.427734375,37394.1484375,62252.046875,98434.203125,70303.515625,15438.1865234375,14453.248046875,10055.392578125,153637.90625,7695.7822265625,16718.78515625,31320.28125,19098.541015625,6040.513671875,20680.77734375,2785.150390625,19406.4140625,12921.0986328125,21508.90625
20200526_11,310036.25,105908.953125,11052.2001953125,28307.0703125,9745.0361328125,6789.97314453125,137809.53125,6660.5654296875,17886.134765625,9676.509765625,67285.46875,16748.78125,30300.234375,18899.669921875,35310.55078125,60282.1171875,12619.6748046875,37822.52734375,67013.96875,101328.8984375,73823.703125,20226.865234375,16968.603515625,10940.3505859375,149579.59375,7783.73876953125,17062.13671875,31232.5625,18763.59375,6809.21337890625,21109.666015625,2709.76953125,19438.943359375,12993.61328125,22118.525390625
20200526_12,309479.28125,103213.3671875,10833.23828125,27749.462890625,9904.8388671875,6817.0712890625,134976.71875,6684.53466796875,18065.326171875,9511.5478515625,66079.265625,16671.17578125,30608.98828125,18371.51171875,35900.34765625,58037.6015625,12016.6630859375,36122.69140625,67473.2890625,99064.3515625,73595.7578125,22588.39453125,18297.962890625,10590.47265625,146654.234375,7192.052734375,16770.501953125,31507.5703125,18713.689453125,6791.298828125,20919.60546875,2891.044677734375,19196.404296875,12820.1416015625,21648.349609375
20200526_13,310858.0,100467.453125,10870.8486328125,27727.0703125,10213.0546875,7055.73095703125,135691.21875,6730.7421875,17944.75,9299.4814453125,67162.4921875,16622.47265625,30065.962890625,18140.330078125,36425.17578125,57603.0,12132.45703125,35665.99609375,68100.1875,98869.328125,74167.1171875,22827.22265625,18685.626953125,10168.7138671875,149832.75,6909.69482421875,16708.54296875,31681.96875,19110.423828125,6799.10009765625,20870.61328125,3000.839599609375,18952.521484375,12790.4150390625,21281.650390625
20200526_14,321025.625,103623.84375,11448.8671875,29268.5546875,10629.3330078125,7471.64892578125,143267.890625,6935.4033203125,18582.291015625,9621.7822265625,71585.828125,17489.515625,31192.0859375,19341.115234375,38404.0234375,60925.54296875,13011.24609375,37172.92578125,71202.515625,102490.3984375,77969.828125,22662.484375,18805.306640625,10453.236328125,156435.703125,7696.87890625,17267.697265625,31451.6015625,19668.6484375,7280.7958984375,21764.119140625,3006.87646484375,19408.548828125,13083.7451171875,22061.591796875
20200526_15,336981.875,110124.8125,12047.8701171875,31185.53125,11222.1650390625,7891.22412109375,150027.78125,7269.22314453125,19828.189453125,10104.6494140625,76044.5625,18432.9921875,33403.8515625,21000.458984375,40839.70703125,65011.39453125,13763.587890625,38487.3984375,75050.375,105707.15625,82555.15625,22597.173828125,18874.56640625,11019.0966796875,162719.171875,8905.1044921875,17818.369140625,32192.498046875,20309.802734375,7788.54345703125,23606.76953125,3213.070068359375,20504.94921875,13665.783203125,23621.005859375
20200526_16,350618.53125,114153.625,12238.2734375,31754.802734375,12039.2529296875,8317.599609375,149246.1875,7565.673828125,20741.771484375,10163.3740234375,77744.2578125,18444.888671875,34204.359375,21578.978515625,41768.08203125,66456.96875,13876.9619140625,38322.59765625,76762.7734375,106062.78125,84588.15625,21358.142578125,18371.673828125,11231.818359375,169588.90625,9581.9423828125,17980.009765625,35263.60546875,21453.873046875,7685.50244140625,25380.89453125,3761.612060546875,21901.23046875,14523.1416015625,25076.583984375
20200526_17,347640.6875,111457.28125,11667.1943359375,29904.681640625,12340.3212890625,8444.1259765625,139766.71875,7455.60986328125,20192.123046875,9564.75390625,75321.65625,17123.37890625,32032.744140625,20397.7109375,39588.90625,63776.68359375,13296.11328125,36577.55859375,74487.6171875,102689.8828125,81676.1171875,18116.966796875,16469.78125,10711.447265625,173593.5,9426.1689453125,17749.306640625,38053.34375,22562.36328125,6861.06396484375,25380.361328125,4211.68115234375,22836.109375,14959.6376953125,25274.166015625
20200526_18,316143.53125,99246.546875,9820.107421875,25346.95703125,10906.1376953125,7535.123046875,122839.2421875,6578.205078125,17466.828125,8277.8447265625,67155.59375,14383.9560546875,27361.009765625,17490.71484375,33674.3359375,56484.4453125,11952.2744140625,32449.607421875,68075.53125,92883.078125,71612.0546875,13902.259765625,12879.7138671875,9070.294921875,165511.859375,8281.9501953125,16663.724609375,35927.12890625,22023.17578125,5634.21875,22433.98046875,3883.4365234375,21599.541015625,13619.57421875,22690.1640625
20200526_19,267085.71875,79168.7734375,6897.37744140625,19120.67578125,7831.61669921875,5498.4228515625,102658.9140625,5118.326171875,13211.78515625,6508.49853515625,53996.625,10792.4833984375,21973.548828125,13496.5556640625,25444.283203125,45985.80859375,10105.525390625,25880.056640625,59612.51171875,76632.6484375,55344.80859375,10233.9501953125,8496.466796875,6478.20068359375,145587.765625,6127.30908203125,14437.7626953125,29001.380859375,19595.6484375,4363.13720703125,17423.876953125,2716.010009765625,17390.115234375,10399.9951171875,17289.427734375
20200526_20,227130.234375,59303.85546875,4243.5615234375,13487.7470703125,4947.20654296875,3421.459228515625,85305.46875,3783.24169921875,9265.978515625,4839.013671875,40986.98046875,7647.91943359375,17537.138671875,9717.9169921875,17931.423828125,35900.52734375,8425.705078125,19382.5078125,51871.34375,59764.87109375,39070.4765625,7362.28759765625,4883.9267578125,4121.81640625,125376.3515625,3841.88671875,11913.9375,22173.3125,17029.169921875,3263.034912109375,12813.4072265625,1465.3270263671875,12333.3916015625,7233.4052734375,11728.4482421875
20200526_21,200717.6875,45882.453125,2821.443603515625,9859.99609375,3549.8896484375,2276.7412109375,70809.40625,2960.27099609375,6731.3515625,3681.610595703125,31940.861328125,5553.994140625,14263.6943359375,7030.9404296875,12677.8994140625,27991.2890625,7056.21484375,15118.013671875,44996.5625,45982.875,27922.96484375,4566.8681640625,2753.847412109375,2904.8681640625,107946.25,2541.67041015625,9892.146484375,17510.84375,15147.80078125,2329.366455078125,9934.947265625,808.0281372070312,9167.576171875,5650.00927734375,8450.9052734375
20200526_22,164059.953125,35609.3671875,2006.0712890625,7419.95947265625,2848.775634765625,1739.2733154296875,52813.56640625,2308.071044921875,4919.54248046875,2740.634765625,24346.455078125,3649.123779296875,11062.7783203125,4921.02392578125,8285.1572265625,20063.35546875,5450.8525390625,11904.4208984375,36787.8203125,31931.453125,19830.30078125,1555.7816162109375,1371.353271484375,2235.08837890625,83804.5703125,2010.197265625,7852.27294921875,12213.830078125,12636.05078125,1407.347412109375,7725.53125,575.121337890625,7573.17578125,4812.45947265625,6635.74951171875
20200526_23,109160.875,23444.779296875,916.6197509765625,4951.435546875,1701.23291015625,1061.771484375,31126.671875,1492.0567626953125,2993.644287109375,1627.78759765625,15044.97265625,1293.98876953125,7443.2119140625,2692.0302734375,3486.65771484375,11042.2041015625,3632.72509765625,8126.626953125,27110.8671875,16147.55859375,10961.0009765625,0.0,0.0,1243.2088623046875,53132.19921875,1227.2794189453125,5347.05859375,5424.45751953125,8987.71875,507.117919921875,5003.52685546875,236.440185546875,5568.3212890625,3418.60986328125,4373.59765625
20200527_0,63119.66796875,13002.36328125,0.0,2913.72314453125,581.2288818359375,383.8802795410156,15099.857421875,800.3443603515625,1515.9437255859375,684.2066650390625,6994.36474609375,0.0,4498.74267578125,954.9974365234375,0.0,4389.63623046875,2472.68017578125,5169.8603515625,19016.015625,4692.64794921875,3548.21875,0.0,0.0,350.9085998535156,31413.400390625,300.7942810058594,3441.21826171875,693.7144775390625,6011.91162109375,0.0,2617.04443359375,0.0,3502.954345703125,2062.84765625,2281.728515625
20200527_1,45537.74609375,9930.783203125,0.0,2225.33349609375,406.5266418457031,225.60894775390625,8953.859375,576.13330078125,1202.5115966796875,451.39007568359375,4273.1669921875,0.0,3244.61376953125,523.4525756835938,0.0,2507.5234375,2196.0244140625,4655.7919921875,14364.7626953125,1012.135498046875,1516.6976318359375,0.0,0.0,277.7478332519531,24295.169921875,146.34666442871094,2987.453125,0.0,4797.2158203125,0.0,1876.6500244140625,0.0,3163.203369140625,1853.2257080078125,1961.6561279296875
20200527_2,40053.3046875,10804.623046875,0.0,2314.02783203125,637.3662109375,357.3807373046875,5813.7490234375,572.412353515625,1364.5306396484375,699.7635498046875,4461.0439453125,0.0,3110.635986328125,713.6151123046875,0.0,2272.718017578125,1994.8369140625,5103.501953125,11952.44140625,0.0,2326.93798828125,0.0,0.0,498.3364562988281,19370.30078125,485.8965148925781,2918.719970703125,0.0,3993.38427734375,0.0,2162.722900390625,0.0,3844.29296875,2135.7236328125,2512.3505859375
20200527_3,33437.6171875,10313.986328125,0.0,2316.410400390625,330.779296875,265.6419372558594,3748.32666015625,481.5403137207031,1160.9024658203125,852.6151733398438,3382.516357421875,0.0,3319.611572265625,543.4140014648438,0.0,1324.509033203125,1788.4610595703125,5154.2470703125,11477.0400390625,0.0,1588.91552734375,0.0,0.0,335.69500732421875,14236.337890625,256.81097412109375,2409.2490234375,0.0,3122.358154296875,0.0,2113.59521484375,0.0,3509.354248046875,1852.8736572265625,2265.320556640625
20200527_4,49982.5078125,14294.546875,0.0,3124.38427734375,226.82156372070312,262.7942810058594,13867.494140625,671.584716796875,1398.9217529296875,1043.20361328125,4044.21240234375,0.0,4537.3232421875,840.9653930664062,0.0,4194.04736328125,2811.345458984375,7232.39208984375,15208.603515625,6979.12353515625,2726.798583984375,0.0,0.0,636.11962890625,28712.033203125,0.0,3211.681884765625,804.6884765625,4693.83349609375,0.0,2367.301513671875,0.0,3455.716064453125,2025.8631591796875,2749.974609375
20200527_5,112994.890625,31897.73828125,1471.0703125,6149.669921875,1877.7353515625,1066.7275390625,41695.81640625,1694.467529296875,3349.107421875,1820.0557861328125,12739.43359375,1821.4317626953125,7489.7724609375,3114.42236328125,2945.818603515625,15686.4677734375,5515.66845703125,13688.8505859375,23384.974609375,30250.787109375,12802.39453125,0.0,0.0,2487.869384765625,72826.84375,1302.3165283203125,7168.4541015625,12057.2734375,10327.8212890625,460.98504638671875,4889.56982421875,164.00115966796875,7242.7939453125,4417.7666015625,6845.1396484375
20200527_6,197516.765625,58100.1953125,3970.488037109375,10896.5322265625,5110.36865234375,2597.443603515625,73571.6796875,3333.113037109375,6534.89501953125,3097.728759765625,28424.529296875,4394.4765625,11105.2509765625,6908.306640625,9210.576171875,31885.716796875,8415.73828125,21903.5,32091.75,57738.82421875,30409.1171875,307.1149597167969,2302.404541015625,5064.88720703125,123654.96875,4245.60888671875,12576.9052734375,25172.50390625,17128.203125,1363.171875,9808.267578125,1446.4088134765625,14539.2265625,8404.4345703125,13569.1728515625
20200527_7,257755.234375,78181.3984375,6159.416015625,15755.798828125,8052.20361328125,4123.046875,94479.3515625,4801.02880859375,9458.2744140625,4375.197265625,43723.1875,6426.427734375,14095.7744140625,10403.0869140625,15597.578125,44670.84375,10137.20703125,27713.2265625,38736.7734375,75491.40625,46712.4296875,3351.09521484375,5648.1708984375,6709.068359375,152488.125,6673.13134765625,15925.015625,32486.109375,20825.037109375,2219.75341796875,14925.4130859375,2823.416015625,20406.8828125,11509.51171875,18717.73828125
20200527_8,284134.75,87965.7109375,7827.2763671875,20346.169921875,9504.9521484375,5304.71484375,107926.6875,5717.0390625,11895.763671875,5724.63916015625,54866.7890625,8654.568359375,17421.81640625,13165.8427734375,21614.904296875,52253.5703125,11187.2470703125,31334.625,45807.3046875,84467.296875,57583.2734375,6799.78125,8771.150390625,7515.50244140625,158290.734375,7439.63330078125,16496.66796875,33263.4296875,20839.705078125,3289.387939453125,18450.1328125,3411.703369140625,21736.947265625,12674.716796875,20568.99609375
20200527_9,300099.65625,95800.4453125,9529.6474609375,24978.955078125,9886.482421875,6260.79833984375,124376.75,6296.39013671875,14659.6162109375,7507.4306640625,63315.12890625,12129.677734375,22730.744140625,16070.36328125,28105.140625,58322.86328125,12480.7841796875,35315.58203125,55719.37109375,93723.6953125,66091.34375,11252.4873046875,11850.4755859375,8821.33984375,157413.125,7590.10986328125,16477.359375,31936.37890625,19700.626953125,4856.02978515625,20501.732421875,3165.5,20579.1953125,12941.89453125,21244.431640625
20200527_10,317286.8125,105230.7265625,11014.06640625,28633.76953125,9987.6064453125,6918.89208984375,140638.546875,6728.53076171875,17507.78515625,9286.1591796875,69149.34375,15759.064453125,28859.33203125,18813.451171875,34058.5859375,63377.16015625,13515.0146484375,38920.2578125,65440.26953125,103273.3671875,73616.21875,16696.53515625,14979.1279296875,10610.1455078125,156454.375,8024.88525390625,17093.27734375,31340.9765625,19054.01171875,6429.62890625,21762.138671875,2758.107177734375,19973.197265625,13220.4140625,22369.541015625
20200527_11,327010.71875,109946.5234375,11527.552734375,29842.998046875,10085.6201171875,7128.66796875,146469.78125,6948.5927734375,19148.03515625,10124.97265625,70577.515625,17521.251953125,32545.28515625,19936.03125,37263.8828125,64494.98046875,13452.5341796875,39534.23828125,70336.859375,106625.6015625,77343.875,21464.626953125,17511.50390625,11505.7646484375,153203.25,8140.0654296875,17499.521484375,31494.625,18788.763671875,7200.90087890625,22292.916015625,2698.41064453125,20086.306640625,13344.111328125,23047.837890625
20200527_12,327286.3125,107416.1171875,11305.234375,29253.5,10257.2099609375,7160.82373046875,144009.46875,6979.34814453125,19279.091796875,9973.6103515625,69495.7578125,17453.3671875,32786.2265625,19448.9375,37839.29296875,62497.98828125,12884.58203125,37990.75,70875.8359375,104740.9296875,77273.2109375,23787.994140625,18849.4921875,11158.740234375,151027.375,7569.91552734375,17264.08984375,32000.59765625,18807.3125,7180.5546875,22186.2578125,2894.370849609375,19914.962890625,13216.1240234375,22633.22265625
20200527_13,329221.53125,104774.8515625,11332.291015625,29180.037109375,10573.1416015625,7399.70556640625,144982.484375,7028.22314453125,19096.51953125,9767.9111328125,70653.0546875,17402.4140625,32146.2421875,19243.625,38321.6953125,62246.625,13023.0380859375,37659.94140625,71528.09375,104845.328125,77951.9296875,23972.396484375,19237.66796875,10732.1787109375,154888.3125,7303.21337890625,17251.02734375,32392.291015625,19270.083984375,7181.3310546875,22201.68359375,3017.6669921875,19731.966796875,13225.626953125,22308.453125
20200527_14,339669.5,107975.4765625,11892.919921875,30652.56640625,10992.9853515625,7811.1630859375,152704.234375,7231.50732421875,19659.36328125,10089.541015625,75100.453125,18255.841796875,33148.421875,20455.216796875,40232.28125,65687.265625,13912.083984375,39261.52734375,74603.0703125,108683.6796875,81813.0,23738.37890625,19350.109375,11004.490234375,162098.453125,8100.06689453125,17851.267578125,32362.5390625,19890.818359375,7651.857421875,23140.3984375,3035.85400390625,20237.83984375,13551.4775390625,23116.3828125
20200527_15,355633.84375,114461.21875,12468.154296875,32484.21875,11585.20703125,8221.8046875,159497.71875,7560.03466796875,20819.12890625,10565.0009765625,79534.3984375,19175.123046875,35211.7421875,22110.646484375,42576.41015625,69826.1484375,14662.421875,40639.1015625,78373.2265625,112034.9453125,86409.2578125,23590.466796875,19404.7890625,11551.0615234375,168906.828125,9311.9580078125,18434.83203125,33284.6171875,20589.966796875,8144.77734375,25009.08203125,3252.703369140625,21372.486328125,14158.974609375,24689.74609375
20200527_16,369014.3125,118417.203125,12628.94921875,32953.515625,12397.53515625,8635.046875,158641.671875,7847.4599609375,21636.513671875,10609.9775390625,81162.15625,19153.15625,35842.140625,22671.04296875,43392.7578125,71260.640625,14761.8486328125,40506.01953125,79960.765625,112442.8046875,88407.9765625,22257.158203125,18880.50390625,11737.837890625,176213.5625,9986.53125,18620.912109375,36515.125,21786.607421875,8023.76953125,26790.376953125,3810.287841796875,22795.03125,15034.5,26145.30859375
20200527_17,365527.5,115593.0234375,12023.03515625,30990.63671875,12689.771484375,8744.5625,148984.390625,7724.86572265625,20982.060546875,9991.7509765625,78622.890625,17789.1328125,33481.78125,21458.13671875,41084.1015625,68506.9140625,14155.578125,38761.8984375,77517.4609375,109041.4453125,85419.2265625,18911.72265625,16950.966796875,11185.3623046875,180562.890625,9822.7216796875,18406.072265625,39440.41796875,22941.47265625,7178.76416015625,26778.703125,4267.68896484375,23744.005859375,15481.744140625,26329.1953125
20200527_18,333283.9375,103202.8984375,10136.5712890625,26309.39453125,11242.8115234375,7815.0498046875,131781.8125,6831.70361328125,18144.865234375,8679.943359375,70298.46875,14999.7109375,28605.9921875,18506.8515625,35025.828125,61081.546875,12775.4609375,34605.11328125,70898.5,99128.109375,75239.359375,14584.5751953125,13327.63671875,9506.51953125,172730.796875,8664.943359375,17327.7734375,37424.26953125,22441.8046875,5929.30810546875,23803.685546875,3944.995361328125,22509.373046875,14145.0,23718.294921875
20200527_19,283260.90625,82898.28125,7170.67138671875,19950.98828125,8151.755859375,5754.76123046875,111236.328125,5353.1591796875,13772.4140625,6881.0478515625,56943.0,11351.9736328125,23002.62890625,14456.7822265625,26641.236328125,50393.53515625,10882.3447265625,27978.451171875,62195.04296875,82696.75,58821.125,10797.4736328125,8906.2158203125,6871.78662109375,152959.578125,6491.5478515625,15100.6435546875,30581.857421875,20046.42578125,4634.14306640625,18748.498046875,2781.297607421875,18289.912109375,10921.41796875,18278.111328125
20200527_20,242142.96875,62763.86328125,4470.6875,14179.5654296875,5247.27978515625,3651.59619140625,93436.09375,3996.860107421875,9705.294921875,5178.06494140625,43702.828125,8146.21142578125,18342.09375,10611.787109375,18966.478515625,40066.8203125,9146.9599609375,21397.36328125,54185.5390625,65578.3125,42364.91796875,7802.53955078125,5251.33740234375,4468.513671875,132804.328125,4182.58154296875,12567.4482421875,23809.55859375,17504.3359375,3509.0556640625,14077.7685546875,1532.5064697265625,13211.5498046875,7743.71728515625,12665.9697265625
20200527_21,214395.125,49035.70703125,3000.2412109375,10409.255859375,3826.64697265625,2478.560791015625,78420.9765625,3150.515380859375,7047.0771484375,3983.978271484375,34396.734375,5987.5224609375,14840.0224609375,7849.30224609375,13547.2373046875,31868.958984375,7713.72705078125,17025.15234375,47020.6171875,51481.48828125,31009.365234375,4881.27001953125,3075.555419921875,3201.174560546875,115335.015625,2854.512451171875,10528.4560546875,19174.87109375,15639.3515625,2550.07080078125,11125.3486328125,875.2738037109375,10013.044921875,6142.42431640625,9326.5419921875
20200527_22,176256.09375,38424.5546875,2135.2490234375,7824.943359375,3099.28662109375,1911.1845703125,59844.1171875,2473.201171875,5111.0263671875,3003.934814453125,26517.873046875,4015.74365234375,11409.720703125,5656.15380859375,8988.533203125,23610.7265625,6037.5634765625,13682.24609375,38506.37890625,37057.484375,22687.583984375,1743.6436767578125,1644.8271484375,2478.28857421875,91061.5234375,2291.420166015625,8464.029296875,13877.6494140625,13135.8740234375,1602.96337890625,8829.9306640625,640.6495971679688,8375.6240234375,5280.6181640625,7439.9189453125
20200527_23,119758.609375,25896.9140625,995.7750854492188,5212.78173828125,1922.9310302734375,1202.733154296875,37525.2734375,1630.7745361328125,3061.84423828125,1850.4742431640625,16912.77734375,1593.0081787109375,7563.76025390625,3337.718017578125,4027.325927734375,14223.6298828125,4142.78515625,9756.4150390625,28515.24609375,20850.44921875,13573.435546875,0.0,103.60699462890625,1431.40576171875,60168.7890625,1473.719970703125,5927.49658203125,7060.49169921875,9487.7412109375,678.4180908203125,6011.70263671875,298.53302001953125,6318.2880859375,3856.672119140625,5097.990234375
20200528_0,72032.171875,15073.1875,0.0,3034.398193359375,771.9467163085938,493.4116516113281,20827.234375,911.8090209960938,1463.390625,865.5867919921875,8544.9833984375,0.0,4399.5859375,1506.619384765625,87.1844482421875,7175.96337890625,2901.532958984375,6636.021484375,20104.35546875,8929.65234375,5905.58203125,0.0,0.0,483.0440368652344,38146.421875,509.94061279296875,3984.253662109375,2275.18994140625,6504.2275390625,51.48870849609375,3520.727294921875,0.0,4191.99072265625,2465.579345703125,2919.4248046875
20200528_1,52709.875,11609.017578125,0.0,2210.598876953125,564.530029296875,303.80224609375,13982.8759765625,659.9737548828125,1033.263427734375,591.6412963867188,5498.830078125,0.0,2936.0400390625,978.0447998046875,0.0,4876.5126953125,2540.453125,5946.08984375,15142.0673828125,4748.95166015625,3614.4658203125,0.0,0.0,353.61407470703125,30647.935546875,316.38018798828125,3487.766845703125,942.1098022460938,5274.220703125,0.0,2669.6328125,0.0,3784.000244140625,2216.0771484375,2507.21337890625
20200528_2,45462.0546875,12086.111328125,0.0,2171.341796875,761.3775024414062,404.89373779296875,10129.6689453125,628.7279052734375,1084.098388671875,799.9215087890625,5359.841796875,0.0,2606.364501953125,1069.8916015625,0.0,4209.24072265625,2253.013916015625,6209.21142578125,12430.5087890625,2928.14013671875,4166.29296875,0.0,0.0,518.5731811523438,25273.68359375,615.7214965820312,3371.8310546875,0.0,4447.892578125,0.0,2840.9345703125,0.0,4390.791015625,2454.89599609375,2961.880615234375
20200528_3,37092.5078125,11201.765625,0.0,2055.337890625,420.00042724609375,283.69757080078125,7348.97900390625,510.9015197753906,776.176513671875,914.5609741210938,3958.490478515625,0.0,2636.61181640625,801.7930908203125,0.0,2820.77880859375,1959.9617919921875,6070.2734375,11674.2939453125,1354.501220703125,3176.71435546875,0.0,0.0,301.780029296875,19629.734375,346.07562255859375,2811.574951171875,0.0,3547.725341796875,0.0,2675.15283203125,0.0,3976.831298828125,2125.37548828125,2616.541748046875
20200528_4,51925.28125,14798.8154296875,0.0,2756.461669921875,280.95245361328125,253.15963745117188,16763.25390625,675.022705078125,918.0709228515625,1069.635498046875,4307.28955078125,0.0,3695.59033203125,1003.552978515625,0.0,5249.681640625,2897.152587890625,7957.3271484375,15149.8310546875,9099.3369140625,4075.488525390625,0.0,0.0,550.346923828125,33544.19921875,9.110671997070312,3560.585205078125,1929.563232421875,5084.05810546875,0.0,2812.530029296875,0.0,3840.852783203125,2249.5546875,3002.23974609375
20200528_5,113298.8828125,32035.703125,1290.889892578125,5688.2451171875,1896.979736328125,1031.6956787109375,43909.39453125,1673.4609375,2781.473876953125,1814.450439453125,12705.2998046875,1779.0126953125,6512.0263671875,3184.984130859375,2760.751953125,16308.4462890625,5518.162109375,14224.9873046875,23100.953125,31824.63671875,13929.8349609375,0.0,0.0,2353.316650390625,77056.5234375,1312.4195556640625,7462.2724609375,13018.5615234375,10677.6298828125,529.5118408203125,5220.986328125,176.16102600097656,7543.73583984375,4591.39404296875,6999.44287109375
20200528_6,196285.796875,57895.8671875,3761.552001953125,10356.6025390625,5095.4404296875,2539.80615234375,75137.84375,3289.56689453125,5890.880859375,3064.29150390625,28114.453125,4317.88720703125,10016.6513671875,6892.2333984375,8972.3173828125,32088.298828125,8338.65234375,22256.787109375,31618.8046875,58778.30859375,31338.31640625,0.0,2205.654541015625,4885.37890625,127251.4921875,4218.6103515625,12814.974609375,25955.498046875,17433.138671875,1425.4405517578125,10030.5458984375,1446.912109375,14755.5927734375,8527.642578125,13628.138671875
20200528_7,255121.8125,77665.2109375,5927.76220703125,15153.79296875,8004.32275390625,4046.052734375,95444.34375,4737.24609375,8749.2041015625,4318.7939453125,43163.71875,6325.0654296875,12923.556640625,10307.2958984375,15331.2734375,44475.3046875,9985.5791015625,27893.158203125,38116.21484375,76017.75,47471.2109375,2664.22412109375,5520.353515625,6489.11962890625,155431.703125,6611.65087890625,16107.66796875,33078.9609375,21081.5234375,2279.64111328125,15045.3037109375,2811.8447265625,20539.78125,11582.853515625,18685.572265625
20200528_8,280258.3125,87174.140625,7579.5029296875,19699.744140625,9425.8359375,5212.03076171875,108347.6015625,5635.689453125,11133.7548828125,5650.7314453125,54089.40234375,8538.66015625,16194.9375,12998.7041015625,21347.087890625,51687.88671875,10967.353515625,31354.123046875,45084.82421875,84510.703125,58203.921875,6073.75390625,8618.380859375,7260.263671875,160572.703125,7346.9814453125,16625.22265625,33657.3515625,21045.08984375,3350.942626953125,18476.36328125,3387.864990234375,21788.953125,12699.6396484375,20451.43359375
20200528_9,295164.03125,94775.46875,9272.8359375,24306.763671875,9778.3310546875,6156.46533203125,124320.765625,6200.4736328125,13857.4345703125,7421.9951171875,62355.8203125,12010.1259765625,21479.4765625,15841.5830078125,27863.412109375,57421.3203125,12200.0458984375,35190.77734375,54944.32421875,93322.921875,66610.1171875,10503.47265625,11679.5693359375,8536.5263671875,159036.046875,7470.2470703125,16554.09765625,32125.7109375,19853.2109375,4923.41455078125,20444.873046875,3129.42822265625,20554.32421875,12920.7265625,21048.6484375
20200528_10,311497.46875,104019.296875,10755.6865234375,27955.21875,9853.08203125,6807.26806640625,140181.9375,6621.3369140625,16678.69921875,9195.59765625,68048.1796875,15647.298828125,27614.865234375,18533.94921875,33871.1640625,62179.828125,13181.8984375,38670.24609375,64664.9375,102475.1953125,74072.8359375,15941.55078125,14797.5283203125,10301.9716796875,157431.765625,7882.3662109375,17121.3984375,31323.2578125,19153.0859375,6507.06396484375,21634.46875,2710.06396484375,19876.81640625,13156.3232421875,22104.0546875
20200528_11,320591.8125,108599.7890625,11275.365234375,29177.99609375,9927.818359375,7014.37109375,145696.921875,6833.6513671875,18305.662109375,10036.015625,69378.0234375,17429.060546875,31339.294921875,19617.787109375,37159.21484375,63047.13671875,13076.4375,39180.796875,69615.6484375,105484.234375,77781.0390625,20721.380859375,17327.2265625,11180.8505859375,153559.484375,7979.9814453125,17483.091796875,31270.59375,18834.59375,7292.60498046875,22108.21484375,2638.883056640625,19925.080078125,13241.05859375,22722.38671875
20200528_12,320477.28125,105988.8203125,11067.1953125,28622.1953125,10079.6279296875,7048.67626953125,143011.671875,6860.3837890625,18437.25390625,9893.224609375,68244.40625,17392.73046875,31650.453125,19104.837890625,37845.6875,60849.46875,12475.69921875,37558.02734375,70264.3984375,103317.1796875,77735.890625,23074.7421875,18671.041015625,10824.041015625,150797.09375,7397.8291015625,17207.9765625,31574.146484375,18801.130859375,7290.6923828125,21959.62890625,2824.06494140625,19696.73828125,13078.810546875,22258.6171875
20200528_13,322273.40625,103324.46875,11116.4443359375,28602.560546875,10379.6396484375,7294.66650390625,143856.703125,6909.1025390625,18269.0859375,9703.1875,69398.5703125,17385.33203125,31112.052734375,18887.29296875,38466.875,60451.09765625,12592.2294921875,37174.0546875,71082.484375,103205.84375,78486.8046875,23307.76171875,19073.958984375,10394.884765625,154115.875,7125.07861328125,17160.8125,31770.375,19214.05078125,7313.95556640625,21949.3203125,2937.499267578125,19465.66015625,13059.4140625,21896.4375
20200528_14,332841.125,106561.46875,11707.2939453125,30148.77734375,10787.74609375,7718.26025390625,151551.78125,7116.1845703125,18860.099609375,10047.5947265625,73893.2109375,18294.171875,32246.3828125,20100.83984375,40543.0234375,63801.4765625,13470.7158203125,38750.2109375,74378.8359375,106900.0234375,82467.8046875,23141.21875,19210.373046875,10671.9423828125,160837.21875,7922.150390625,17733.166015625,31555.048828125,19787.990234375,7810.8583984375,22879.353515625,2946.9384765625,19933.29296875,13362.310546875,22679.451171875
20200528_15,349188.125,113144.1171875,12320.65625,32073.443359375,11372.6845703125,8146.07470703125,158422.859375,7452.49560546875,20061.560546875,10552.8583984375,78425.65625,19280.38671875,34471.19921875,21772.767578125,43078.14453125,67909.078125,14222.2158203125,40131.28125,78424.5,110182.609375,87232.046875,23079.689453125,19298.49609375,11230.654296875,167218.296875,9140.7490234375,18295.587890625,32304.18359375,20444.212890625,8333.830078125,24757.017578125,3156.33740234375,21040.322265625,13953.294921875,24240.970703125
20200528_16,363214.0625,117257.7265625,12527.259765625,32654.29296875,12182.408203125,8581.4619140625,157750.171875,7751.6669921875,20933.7734375,10634.470703125,80203.4296875,19336.39453125,35290.81640625,22364.388671875,44109.203125,69372.640625,14334.71875,40031.34765625,80339.3828125,110600.1796875,89446.4765625,21851.5859375,18817.251953125,11436.921875,174166.296875,9828.6552734375,18467.693359375,35376.91015625,21602.560546875,8246.291015625,26565.302734375,3707.93359375,22446.48828125,14819.14453125,25698.146484375
20200528_17,360631.5,114651.2421875,11974.505859375,30820.48046875,12476.88671875,8717.962890625,148382.125,7644.70166015625,20346.7734375,10059.41015625,77865.15625,18060.724609375,33145.421875,21197.40625,42036.92578125,66708.8984375,13753.466796875,38350.328125,78272.0859375,107288.734375,86720.140625,18629.921875,16940.41015625,10911.154296875,178231.515625,9684.845703125,18246.3515625,38161.86328125,22724.412109375,7437.8671875,26598.716796875,4160.95361328125,23390.76953125,15263.8427734375,25897.30078125
20200528_18,329542.78125,102537.3046875,10148.126953125,26284.576171875,11037.1279296875,7820.0810546875,131573.21875,6770.916015625,17589.009765625,8796.896484375,69791.4921875,15369.21875,28507.939453125,18306.51953125,36234.33984375,59434.0234375,12410.17578125,34286.44140625,72073.7734375,97546.2109375,76847.6796875,14444.701171875,13379.37109375,9266.0087890625,170194.734375,8553.673828125,17169.212890625,36024.78125,22197.583984375,6227.765625,23686.701171875,3835.610107421875,22163.37890625,13931.8623046875,23315.310546875
20200528_19,280913.125,82564.9375,7248.70751953125,20086.310546875,7958.2802734375,5795.80712890625,111522.96875,5315.30517578125,13307.212890625,7052.9189453125,56734.6171875,11828.0,23163.55859375,14330.9140625,28122.0625,48955.75,10565.3837890625,27781.83203125,63830.78515625,81366.140625,60779.44140625,10817.140625,9029.6806640625,6671.6474609375,150301.796875,6413.341796875,14950.9677734375,29082.513671875,19781.3359375,4974.3525390625,18711.974609375,2671.091064453125,17963.17578125,10720.42578125,17917.474609375
20200528_20,241411.3125,62815.5546875,4620.99658203125,14488.1806640625,5071.01904296875,3732.7197265625,94315.328125,3985.2568359375,9341.1123046875,5409.88623046875,43838.26171875,8736.2685546875,18779.69921875,10573.83984375,20733.38671875,38895.9140625,8889.3642578125,21350.8828125,56316.015625,64577.9140625,44712.82421875,7998.6787109375,5455.74365234375,4315.0185546875,130109.9921875,4143.65234375,12434.318359375,22232.732421875,17225.0078125,3893.0146484375,14138.4560546875,1423.38134765625,12915.962890625,7562.20361328125,12360.7099609375
20200528_21,215482.859375,49521.109375,3227.9140625,10902.486328125,3672.535400390625,2603.442626953125,79984.4453125,3168.19091796875,6793.32470703125,4280.0947265625,34917.8984375,6697.9052734375,15568.73828125,7911.94091796875,15610.8203125,31019.064453125,7525.91064453125,17155.357421875,49673.85546875,50887.5625,33782.8359375,5269.98193359375,3369.762939453125,3100.111328125,112690.15625,2860.727783203125,10419.34375,17543.873046875,15352.62109375,2979.34814453125,11299.021484375,769.1766357421875,9760.1982421875,5987.56005859375,9089.0849609375
20200528_22,179343.625,39387.46484375,2444.60888671875,8512.1337890625,2972.1318359375,2083.0751953125,62176.5234375,2522.847412109375,4976.08447265625,3367.9345703125,27462.81640625,4851.41357421875,12440.5234375,5831.072265625,11356.0986328125,23132.166015625,5929.1728515625,14013.724609375,41703.54296875,36942.5234375,25918.361328125,2340.0888671875,2037.2662353515625,2434.8896484375,88551.578125,2348.220947265625,8386.0986328125,12216.34375,12848.6513671875,2078.685546875,9131.1435546875,539.544677734375,8176.60107421875,5159.29638671875,7281.89892578125
20200528_23,125000.28125,27375.56640625,1390.31298828125,6101.17431640625,1827.3541259765625,1424.3970947265625,40703.1328125,1714.70703125,3052.991943359375,2285.11474609375,18315.02734375,2557.51220703125,8903.98828125,3635.478759765625,6702.74169921875,14162.1640625,4122.56201171875,10311.3916015625,32270.142578125,21282.125,17288.56640625,0.0,602.1906127929688,1450.2772216796875,57877.26171875,1586.0296630859375,5887.47216796875,5392.89306640625,9206.8828125,1201.2569580078125,6453.5693359375,204.37403869628906,6183.49560546875,3775.394775390625,5030.0751953125
20200529_0,79553.6015625,17099.578125,470.6800231933594,4129.02978515625,712.3233642578125,767.09130859375,24917.73828125,1031.93017578125,1586.7613525390625,1372.740478515625,10433.072265625,732.204345703125,6052.8173828125,1936.5076904296875,3070.7900390625,7572.06005859375,2977.17236328125,7433.982421875,24422.994140625,9969.841796875,10126.943359375,0.0,0.0,568.1087646484375,36153.4609375,682.0869140625,3988.3134765625,625.070556640625,6236.39208984375,621.6552734375,4114.6953125,0.0,4130.9716796875,2430.347412109375,2951.138427734375
20200529_1,62605.3671875,14208.3759765625,374.077880859375,3514.231201171875,544.935302734375,631.1780395507812,19042.90234375,817.7407836914062,1293.8004150390625,1172.243896484375,7895.79931640625,284.14141845703125,4902.0,1547.921142578125,2028.810791015625,5764.69140625,2718.505859375,7003.42041015625,20022.328125,6452.81005859375,8358.3359375,0.0,0.0,508.05865478515625,29029.01171875,552.0226440429688,3541.4287109375,0.0,5025.7470703125,463.3966369628906,3425.298583984375,0.0,3805.2783203125,2232.28955078125,2646.78955078125
20200529_2,57792.75390625,15276.3681640625,595.0045166015625,3684.41455078125,785.5327758789062,787.0542602539062,16204.8515625,825.1275024414062,1485.533935546875,1453.939208984375,8282.8505859375,536.4486694335938,4880.90966796875,1786.08154296875,2358.010986328125,5617.509765625,2538.7685546875,7538.91064453125,17861.923828125,5343.23193359375,9443.03515625,0.0,0.0,744.8057861328125,24098.30078125,917.7832641601562,3479.853515625,0.0,4224.66259765625,459.96087646484375,3765.866455078125,0.0,4501.701171875,2527.252685546875,3216.12353515625
20200529_3,51884.640625,14993.185546875,445.2735595703125,3775.955810546875,491.2259216308594,721.1148071289062,14472.9765625,746.4290161132812,1321.02001953125,1640.9654541015625,7418.47607421875,668.07861328125,5211.73046875,1668.9814453125,2350.37939453125,4770.1357421875,2357.369140625,7681.6728515625,17637.90625,4520.080078125,8990.53125,0.0,0.0,601.398193359375,18960.20703125,716.6891479492188,2977.86376953125,0.0,3355.04296875,424.92572021484375,3774.7509765625,0.0,4183.39404296875,2257.7939453125,2990.7001953125
20200529_4,69169.109375,19193.6875,628.9130859375,4680.40234375,402.12115478515625,745.67822265625,24957.14453125,949.6689453125,1607.6177978515625,1866.395263671875,8308.7333984375,1386.8951416015625,6559.47216796875,2024.7109375,3211.09765625,7753.69921875,3408.756103515625,9855.8837890625,21618.208984375,13045.662109375,10424.193359375,0.0,0.0,924.11328125,33434.515625,449.56988525390625,3788.113037109375,568.3942260742188,4926.52392578125,628.6727294921875,4089.906005859375,0.0,4147.64404296875,2445.085693359375,3499.91162109375
20200529_5,132947.9375,37028.15625,2217.476806640625,7809.00390625,2070.478271484375,1578.5189208984375,53181.2109375,1986.7032470703125,3615.818359375,2678.52783203125,17246.015625,3504.567138671875,9649.189453125,4361.30419921875,7166.10302734375,19372.984375,6145.0390625,16412.109375,30038.2890625,36572.4375,20804.76171875,0.0,663.2715454101562,2801.14892578125,77551.359375,1823.1402587890625,7753.01171875,11776.435546875,10559.0419921875,1323.6817626953125,6676.87353515625,160.48373413085938,7953.779296875,4852.15673828125,7622.49755859375
20200529_6,218256.640625,63471.75390625,4771.123046875,12665.45703125,5323.13427734375,3139.498779296875,85482.3125,3640.369384765625,6868.951171875,3991.665283203125,33185.515625,6153.5244140625,13408.087890625,8223.087890625,13614.3046875,35711.2734375,9080.3916015625,24729.720703125,38981.13671875,64338.37109375,38724.30078125,2332.294677734375,3609.23974609375,5406.34423828125,128385.265625,4799.10595703125,13169.8427734375,24846.7578125,17356.3828125,2258.92626953125,11663.240234375,1449.1900634765625,15270.27734375,8854.7705078125,14376.6494140625
20200529_7,279294.40625,83802.1328125,7016.07470703125,17639.900390625,8287.52734375,4696.54833984375,106842.71875,5124.06494140625,9868.8076171875,5304.48193359375,48749.4375,8261.919921875,16546.943359375,11790.224609375,20186.724609375,48646.58984375,10840.26171875,30644.92578125,45851.73828125,82390.578125,55346.61328125,5608.1875,7065.9970703125,7081.44580078125,157227.859375,7260.515625,16526.48046875,32115.23046875,21048.49609375,3149.736572265625,16850.640625,2832.968994140625,21158.802734375,11976.4521484375,19557.79296875
20200529_8,306476.78125,93841.546875,8741.3876953125,22350.263671875,9765.296875,5910.646484375,120767.7421875,6056.4833984375,12391.626953125,6688.83349609375,60167.4140625,10566.462890625,20024.876953125,14629.4248046875,26390.162109375,56389.31640625,11931.5546875,34373.515625,53134.34765625,91686.3828125,66540.7578125,9305.1611328125,10306.3427734375,7921.35693359375,163043.078125,8061.88623046875,17106.67578125,32847.30859375,21056.611328125,4254.63037109375,20447.71484375,3428.49462890625,22510.263671875,13158.7587890625,21443.783203125
20200529_9,323237.9375,101934.9140625,10502.244140625,27106.998046875,10174.2001953125,6899.921875,137717.28125,6652.724609375,15249.3125,8505.7421875,68897.234375,14117.3203125,25487.796875,17614.0078125,33065.86328125,62626.7578125,13268.869140625,38462.3984375,63241.796875,101281.03125,75374.296875,14021.9189453125,13509.0712890625,9263.0,162180.34375,8247.9462890625,17095.75,31474.859375,19908.986328125,5857.3994140625,22573.193359375,3189.974365234375,21374.115234375,13443.3408203125,22155.716796875
20200529_10,341203.5,111624.7109375,12045.755859375,30888.78515625,10304.9140625,7591.724609375,154496.6875,7102.07373046875,18199.396484375,10317.42578125,75017.796875,17821.15625,31770.943359375,20440.251953125,39202.69921875,67855.421875,14349.01171875,42174.6328125,73138.09375,111184.953125,83224.4453125,19745.046875,16766.75390625,11089.681640625,161237.421875,8718.720703125,17719.677734375,30833.81640625,19251.63671875,7467.82421875,23908.3515625,2790.6845703125,20789.533203125,13739.3359375,23318.65625
20200529_11,351675.9375,116597.953125,12618.4765625,32227.0078125,10434.5673828125,7835.45458984375,160859.375,7339.47998046875,19949.15234375,11187.6328125,76734.7109375,19655.78125,35610.38671875,21648.4609375,42587.7890625,69151.59375,14334.13671875,42894.5625,78186.7265625,114904.59375,87274.609375,24806.3671875,19433.30859375,12024.947265625,158001.34375,8869.982421875,18133.314453125,30941.30859375,18973.255859375,8276.419921875,24514.0,2739.466064453125,20923.44140625,13880.3115234375,24035.603515625
20200529_12,352657.4375,114319.875,12455.05859375,31767.4765625,10639.6474609375,7901.53125,158939.71875,7387.5234375,20196.751953125,11065.6953125,75941.40625,19657.62890625,36002.09765625,21248.791015625,43337.89453125,67334.46875,13814.9921875,41454.08984375,78850.953125,113397.3203125,87520.9609375,27436.109375,20910.08203125,11719.021484375,155837.609375,8335.642578125,17904.3828125,31400.28125,18976.025390625,8293.697265625,24481.52734375,2944.230224609375,20771.791015625,13769.1123046875,23659.890625
20200529_13,355242.40625,111922.5,12540.177734375,31823.857421875,10990.6962890625,8174.00048828125,160457.453125,7453.42626953125,20137.162109375,10887.0380859375,77384.046875,19672.962890625,35508.47265625,21131.966796875,43988.31640625,67261.8125,14002.923828125,41221.890625,79598.3046875,113885.546875,88508.3359375,27938.90625,21441.0546875,11334.66015625,159705.265625,8104.10107421875,17896.62109375,31743.693359375,19420.109375,8332.185546875,24569.5703125,3076.5947265625,20606.857421875,13794.5849609375,23373.677734375
20200529_14,366270.28125,115355.21875,13157.5205078125,33424.9921875,11447.0341796875,8618.3994140625,168722.484375,7673.265625,20828.76953125,11232.904296875,82110.7265625,20588.505859375,36650.89453125,22432.32421875,46058.70703125,70877.125,14941.5419921875,42916.171875,82734.8203125,118110.265625,92666.6953125,28034.078125,21699.638671875,11649.90234375,166913.828125,8935.064453125,18500.6328125,31663.796875,20018.970703125,8840.2890625,25578.408203125,3104.043701171875,21128.599609375,14135.236328125,24219.162109375
20200529_15,382730.6875,122057.7578125,13787.6064453125,35382.87890625,12076.8525390625,9061.0234375,176052.140625,8017.658203125,22122.390625,11729.3779296875,86814.8125,21564.998046875,38846.6640625,24175.974609375,48552.8828125,75183.6328125,15740.947265625,44378.9453125,86529.75,121846.3046875,97545.84375,28224.814453125,21903.119140625,12239.751953125,173709.234375,10179.6044921875,19086.09375,32533.263671875,20692.74609375,9370.4345703125,27513.75390625,3330.269775390625,22276.3203125,14756.0,25828.384765625
20200529_16,396509.34375,126211.703125,14000.8662109375,35974.89453125,12927.5849609375,9504.9638671875,175719.0625,8320.037109375,23077.9921875,11791.728515625,88700.453125,21594.6015625,39600.06640625,24823.18359375,49508.0234375,76775.5625,15888.3134765625,44321.93359375,88102.1640625,122632.953125,99809.9375,27238.171875,21529.5234375,12469.75,180988.0625,10884.939453125,19271.826171875,35707.91796875,21860.21875,9286.07421875,29357.24609375,3897.255859375,23708.533203125,15642.8642578125,27317.40625
20200529_17,393309.0,123563.1484375,13444.513671875,34130.09765625,13258.71875,9643.5712890625,166565.453125,8211.2666015625,22565.36328125,11186.8408203125,86403.6484375,20275.8203125,37351.69140625,23694.798828125,47325.44921875,74165.921875,15328.21484375,42643.11328125,85600.9375,119599.8125,97065.9375,24245.904296875,19751.775390625,11960.0341796875,185290.953125,10749.5791015625,19054.0234375,38573.33203125,22981.779296875,8476.91015625,29402.294921875,4363.98681640625,24663.138671875,16099.1259765625,27531.630859375
20200529_18,361226.65625,111322.7890625,11604.2080078125,29561.20703125,11850.8203125,8741.2216796875,149840.96875,7330.5791015625,19872.83203125,9883.9541015625,78303.1171875,17524.619140625,32575.34375,20824.84765625,41379.19140625,66868.0625,13991.86328125,38539.23046875,78878.5859375,110039.4375,87107.1171875,20276.81640625,16280.509765625,10323.080078125,177390.078125,9617.50390625,17969.76953125,36492.39453125,22444.35546875,7262.27099609375,26477.51171875,4050.451171875,23429.458984375,14768.671875,24947.208984375
20200529_19,311226.625,91138.6953125,8680.5654296875,23308.345703125,8798.6474609375,6705.85693359375,129741.7578125,5862.94775390625,15647.083984375,8089.2021484375,65149.8515625,13907.455078125,27057.474609375,16852.03125,33091.25390625,56287.79296875,12139.4599609375,31951.439453125,70023.875,93941.015625,70883.21875,16851.00390625,12010.5625,7728.9560546875,157523.75,7466.6435546875,15733.3076171875,29579.361328125,20006.4296875,6000.68017578125,21465.060546875,2895.62841796875,19205.640625,11548.2509765625,19528.91796875
20200529_20,269981.625,71092.34375,6018.47607421875,17634.65625,5932.52734375,4625.07275390625,112349.828125,4515.796875,11727.919921875,6385.26318359375,52087.22265625,10724.02734375,22467.201171875,13079.3173828125,25496.6640625,46045.9375,10441.1044921875,25393.654296875,61813.203125,77130.7421875,54591.73046875,14218.87109375,8505.6962890625,5364.61181640625,137243.0625,5176.63232421875,13187.041015625,22729.6640625,17416.69140625,4907.71826171875,16828.59765625,1655.3203125,14116.9921875,8370.18359375,13933.375
20200529_21,241945.359375,57416.70703125,4581.1181640625,13953.30859375,4549.36181640625,3471.581787109375,97698.984375,3676.644775390625,9218.1064453125,5184.8212890625,42931.06640625,8578.8896484375,19018.978515625,10383.2734375,20140.017578125,37907.03125,9040.6064453125,21027.673828125,54395.51171875,63312.5546875,43368.51953125,11660.1259765625,6477.5634765625,4134.1279296875,119614.015625,3863.535400390625,11130.8759765625,18009.80859375,15498.64453125,3979.204833984375,13901.02734375,1006.060302734375,10901.6796875,6764.60693359375,10604.556640625
20200529_22,203346.671875,46819.6875,3743.994140625,11448.3046875,3858.22412109375,2920.644287109375,79436.53125,3004.389404296875,7430.12158203125,4192.76953125,35171.8515625,6611.40380859375,15625.1181640625,8249.8798828125,15625.4375,29678.98046875,7392.29443359375,17672.5390625,45575.6015625,49133.04296875,35144.10546875,8882.94921875,5191.2119140625,3445.651123046875,95142.5859375,3311.05517578125,9044.8427734375,12618.6767578125,12936.3994140625,3060.7265625,11620.1552734375,778.78271484375,9240.357421875,5894.2314453125,8721.90625
20200529_23,146209.59375,34265.23046875,2626.79736328125,8904.9921875,2716.486572265625,2225.27099609375,57376.71875,2164.7255859375,5527.88232421875,3021.435546875,25653.556640625,4183.2841796875,11797.33203125,5983.71484375,10689.140625,20290.646484375,5519.939453125,13714.7470703125,35225.0546875,33131.88671875,26089.97265625,6429.51171875,3790.183837890625,2430.37646484375,64009.9453125,2499.25341796875,6481.95654296875,5697.90673828125,9223.529296875,2162.78955078125,8805.345703125,443.2701110839844,7151.50732421875,4457.0830078125,6376.7060546875
20200530_0,97656.5859375,23371.478515625,1635.7364501953125,6784.2880859375,1598.1630859375,1525.437255859375,40877.1640625,1446.0841064453125,4074.484375,2012.645263671875,17337.41015625,2211.695556640625,8632.3974609375,4196.6435546875,6754.07275390625,13207.8974609375,4295.169921875,10541.5390625,26400.63671875,21374.126953125,18442.646484375,4944.93798828125,2559.603515625,1510.4908447265625,41702.1640625,1536.3363037109375,4507.3359375,798.3631591796875,6169.07373046875,1560.2816162109375,6305.91455078125,7.197399139404297,4985.61376953125,3047.83642578125,4187.06396484375
20200530_1,77315.328125,19792.19140625,1459.825927734375,6006.3759765625,1421.1036376953125,1341.522216796875,34166.015625,1192.012451171875,3786.782958984375,1708.652587890625,14305.697265625,1606.58056640625,7148.6611328125,3703.157958984375,5391.9677734375,10837.3720703125,3944.1767578125,9776.9609375,20970.80078125,17309.68359375,16130.69921875,4489.66259765625,2159.18798828125,1406.10302734375,33869.47265625,1338.3150634765625,3974.205810546875,0.0,4861.72265625,1377.028076171875,5433.833984375,0.0,4529.5341796875,2774.9482421875,3755.484375
20200530_2,68852.5,20107.521484375,1594.289306640625,6000.703125,1645.67138671875,1444.340576171875,30376.45703125,1155.87158203125,3976.692138671875,1880.6805419921875,14142.20703125,1692.4605712890625,6779.076171875,3820.524169921875,5387.3271484375,10061.19921875,3660.025634765625,9942.818359375,17738.302734375,15554.6923828125,16618.73828125,4562.05712890625,2293.4619140625,1592.397216796875,28109.330078125,1627.622314453125,3816.16552734375,0.0,3951.500244140625,1346.8280029296875,5571.0634765625,0.0,5079.3994140625,2984.904052734375,4182.0732421875
20200530_3,59070.18359375,19013.650390625,1351.74072265625,5905.56884765625,1329.059326171875,1320.757568359375,27586.150390625,1030.4161376953125,3803.804931640625,1952.858154296875,12675.9453125,1649.811279296875,6749.58349609375,3567.8115234375,5035.595703125,8524.51953125,3363.122314453125,9683.392578125,16408.880859375,13993.2060546875,15521.1748046875,4728.02685546875,2252.2900390625,1392.9947509765625,22025.30078125,1342.1634521484375,3208.1923828125,0.0,2960.783203125,1283.5811767578125,5357.6748046875,0.0,4599.4140625,2620.84765625,3799.598388671875
20200530_4,72292.703125,22352.73046875,1437.0703125,6614.5556640625,1211.519775390625,1283.608154296875,36914.421875,1184.1270751953125,4076.034423828125,2059.3134765625,12918.3310546875,2188.0791015625,7729.0859375,3774.34814453125,5545.4814453125,10764.7626953125,4289.05517578125,11426.36328125,19260.619140625,21693.693359375,16266.826171875,5231.7333984375,2380.99365234375,1654.8070068359375,35443.4453125,983.4487915039062,3903.7802734375,0.0,4399.865234375,1457.9886474609375,5433.580078125,0.0,4388.13525390625,2704.666748046875,4138.8564453125
20200530_5,131860.90625,39283.00390625,2922.756103515625,9541.01953125,2845.521484375,2051.23291015625,63895.71484375,2169.351806640625,6064.455078125,2749.4638671875,21167.69921875,4120.6123046875,10446.6220703125,5949.5625,9146.5166015625,21593.748046875,6891.1962890625,17526.17578125,26539.556640625,44315.81640625,25922.349609375,6742.37646484375,3790.549560546875,3466.716064453125,78401.734375,2258.96240234375,7746.29833984375,10783.6650390625,9889.5009765625,2122.8505859375,7766.50390625,338.7603759765625,8006.34423828125,5000.22900390625,8080.1494140625
20200530_6,212851.6875,64788.09765625,5369.91064453125,14190.7998046875,6058.16748046875,3544.08642578125,94878.625,3769.44580078125,9292.9716796875,3938.7646484375,36385.56640625,6581.5419921875,13833.404296875,9639.291015625,15241.1669921875,37102.3671875,9685.0869140625,25366.4375,34339.5625,71105.6171875,43086.0859375,9401.2412109375,6682.22509765625,6003.287109375,127984.0,5131.255859375,13034.107421875,23527.5546875,16534.46875,3027.440185546875,12486.390625,1607.9593505859375,15124.16796875,8884.244140625,14643.396484375
20200530_7,269507.5,84154.6484375,7505.75048828125,18956.208984375,8977.21875,5030.724609375,114857.7890625,5198.35107421875,12263.955078125,5127.0810546875,51200.9140625,8500.751953125,16604.212890625,13025.3251953125,21463.984375,49176.8359375,11297.638671875,30787.892578125,40076.71875,88119.15625,58928.48828125,12650.1142578125,10072.5703125,7607.0263671875,155492.546875,7484.29443359375,16256.267578125,30443.44140625,20065.86328125,3887.378662109375,17397.40234375,2969.83984375,20805.068359375,11881.291015625,19625.87890625
20200530_8,292288.375,93214.2734375,9120.3447265625,23457.3359375,10404.685546875,6172.77490234375,127351.546875,6075.3193359375,14754.20703125,6387.47265625,61850.453125,10616.7041015625,19722.109375,15676.0888671875,27325.22265625,56036.15234375,12237.29296875,34011.12109375,46246.40234375,96323.453125,69325.484375,16298.9033203125,13234.748046875,8373.62109375,159903.265625,8173.57080078125,16697.80078125,30799.71875,19906.2109375,4961.45263671875,20710.845703125,3541.256591796875,21941.912109375,12934.0703125,21307.4296875
20200530_9,304673.9375,100321.4609375,10769.8935546875,28006.759765625,10758.7509765625,7089.02490234375,142833.34375,6616.01904296875,17576.1640625,8082.1708984375,69799.2578125,13981.2890625,24836.830078125,18466.701171875,33669.40625,61376.58984375,13420.2412109375,37588.00390625,55272.51953125,104784.015625,77351.6484375,20946.353515625,16347.9814453125,9640.791015625,157578.75,8244.8408203125,16545.380859375,29031.615234375,18585.197265625,6533.69873046875,22548.216796875,3276.626708984375,20586.228515625,13085.4521484375,21811.203125
20200530_10,318335.53125,109028.4609375,12202.5244140625,31585.2265625,10830.55859375,7707.49267578125,158122.421875,7010.3056640625,20487.857421875,9774.5888671875,75133.7109375,17502.861328125,30787.275390625,21095.2734375,39488.56640625,65703.875,14344.921875,40786.73828125,64130.00390625,113522.09375,84391.3203125,26579.162109375,19505.34765625,11392.64453125,155130.828125,8599.189453125,17026.3984375,27978.765625,17750.39453125,8114.11328125,23593.62890625,2849.4580078125,19779.3671875,13245.8642578125,22764.3984375
20200530_11,324621.125,113032.03125,12665.7939453125,32726.09375,10897.736328125,7878.24365234375,162986.296875,7193.697265625,22197.021484375,10529.650390625,76066.90625,19160.88671875,34313.00390625,22103.9765625,42572.70703125,66103.625,14175.134765625,40996.86328125,68192.890625,116055.3359375,87635.0859375,31529.32421875,22061.3046875,12253.521484375,150361.546875,8633.4833984375,17297.169921875,27662.3125,17292.15234375,8893.4013671875,23910.765625,2768.850341796875,19690.5078125,13250.2177734375,23272.1875
20200530_12,321577.625,109807.125,12395.3203125,32077.033203125,11037.3076171875,7872.35205078125,159573.5,7189.328125,22402.236328125,10297.8212890625,74499.796875,18993.345703125,34413.1875,21504.845703125,43041.265625,63404.40234375,13503.27734375,39055.5,67934.59375,113352.4921875,87086.109375,34027.30859375,23417.818359375,11874.423828125,146652.0625,7982.7353515625,16926.91015625,27689.482421875,17114.400390625,8882.22265625,23593.89453125,2942.9912109375,19317.91015625,13002.7294921875,22690.099609375
20200530_13,320342.96875,106495.3046875,12376.720703125,31953.44140625,11320.3779296875,8074.50244140625,159617.71875,7204.9609375,22298.810546875,10015.6015625,75185.8984375,18847.9921875,33653.15625,21190.453125,43431.921875,62473.234375,13542.3193359375,38336.51953125,67832.234375,112647.515625,87296.1328125,34378.04296875,23819.51171875,11418.861328125,148977.5625,7636.4462890625,16780.86328125,27597.740234375,17379.126953125,8893.22265625,23404.5078125,3043.792724609375,18936.18359375,12893.650390625,22202.470703125
20200530_14,327798.15625,109055.125,12894.560546875,33385.7421875,11706.84375,8450.8466796875,166442.59375,7377.1875,22945.416015625,10265.2578125,79180.5078125,19612.904296875,34556.91796875,22296.966796875,45266.39453125,65262.67578125,14337.44921875,39563.203125,70200.7890625,115692.921875,90701.7890625,34301.19140625,23940.49609375,11665.5888671875,154664.109375,8355.419921875,17251.1328125,27084.009765625,17801.662109375,9374.8876953125,24145.671875,3039.046630859375,19247.615234375,13102.8896484375,22853.65234375
20200530_15,340972.125,114935.140625,13430.1865234375,35187.31640625,12265.494140625,8828.263671875,172378.609375,7677.10888671875,24193.08984375,10673.8115234375,83183.8671875,20450.056640625,36544.03515625,23852.2421875,47550.21875,68784.7265625,15000.29296875,40582.484375,73317.6171875,118274.890625,94859.1875,34300.3515625,23998.765625,12190.2841796875,159974.234375,9491.7939453125,17708.87109375,27525.7578125,18304.052734375,9879.6806640625,25825.79296875,3232.764892578125,20193.8125,13596.7685546875,24277.76953125
20200530_16,351787.0625,118325.2109375,13554.78515625,35636.75390625,13044.3603515625,9210.3876953125,170711.03125,7938.607421875,25101.935546875,10657.384765625,84406.6640625,20352.732421875,37120.65234375,24318.234375,48321.95703125,69641.9453125,15019.4638671875,40110.7734375,74309.1015625,117943.75,96438.421875,33103.0234375,23473.109375,12359.107421875,165821.125,10093.8203125,17774.33984375,30283.669921875,19306.984375,9771.056640625,27429.0703125,3767.25439453125,21435.537109375,14362.6494140625,25592.892578125
20200530_17,345979.1875,114979.0703125,12916.2490234375,33664.109375,13303.533203125,9291.0703125,160293.859375,7792.95361328125,24541.814453125,9983.6142578125,81491.015625,18920.359375,34728.83984375,23017.361328125,45983.90234375,66355.15625,14340.8837890625,38050.4765625,71330.4453125,113839.7421875,93051.96875,29881.466796875,21537.20703125,11792.7578125,168761.703125,9860.9951171875,17445.115234375,32748.169921875,20272.759765625,8938.677734375,27251.318359375,4201.8291015625,22212.859375,14705.14453125,25646.314453125
20200530_18,311675.03125,102114.4140625,11000.8291015625,28982.884765625,11824.1708984375,8335.140625,142387.671875,6879.7412109375,21801.048828125,8622.3896484375,72821.1796875,16069.705078125,29843.455078125,19985.103515625,39910.6953125,58444.92578125,12896.994140625,33602.421875,64239.4453125,103265.5078125,82498.046875,25665.021484375,17902.462890625,10104.2041015625,159583.9375,8638.2255859375,16259.5849609375,30286.95703125,19590.1640625,7701.79248046875,24123.36328125,3856.802978515625,20817.158203125,13269.41015625,22915.94921875
20200530_19,259864.78125,81385.4921875,8009.6513671875,22633.765625,8701.6103515625,6250.93603515625,121198.484375,5384.25634765625,17526.24609375,6780.3779296875,59153.20703125,12367.8349609375,24251.5703125,15861.4990234375,31524.57421875,47323.5625,10949.1015625,26711.490234375,55129.078125,86219.6640625,65730.8046875,21974.388671875,13464.5087890625,7463.9365234375,138541.4375,6404.2998046875,13933.2158203125,23019.001953125,17019.501953125,6418.81494140625,18929.37890625,2671.482177734375,16448.509765625,9953.3837890625,17368.19140625
20200530_20,217242.21875,60879.08203125,5288.00732421875,16880.208984375,5766.74072265625,4126.38525390625,102817.0,4014.1787109375,13557.0556640625,5040.666015625,45634.81640625,9114.880859375,19622.47265625,11950.68359375,23860.337890625,36617.6171875,9168.2705078125,19894.8671875,46778.796875,68537.015625,48951.5078125,19060.591796875,9787.8720703125,5059.24560546875,117199.640625,4039.625732421875,11309.51953125,15844.25390625,14311.1865234375,5305.16943359375,14134.7783203125,1401.9793701171875,11233.998046875,6690.48388671875,11661.087890625
20200530_21,188278.0,46832.5625,3799.382080078125,13135.4775390625,4317.0,2934.478759765625,87284.4609375,3157.22412109375,10996.0244140625,3816.22314453125,36085.57421875,6915.64892578125,16170.349609375,9130.2265625,18462.041015625,28096.5,7699.1123046875,15317.181640625,39339.38671875,53929.296875,37299.1171875,16204.0107421875,7584.97216796875,3794.476806640625,98637.9140625,2660.960205078125,9189.40234375,10833.5283203125,12290.3642578125,4356.4951171875,11073.9755859375,725.1329956054688,7913.38037109375,5011.85302734375,8239.865234375
20200530_22,149212.78125,35957.25390625,2919.4833984375,10583.4306640625,3561.965576171875,2350.682861328125,68254.328125,2472.4296875,9155.34375,2812.101318359375,27998.904296875,4909.56787109375,12806.806640625,6886.94970703125,13932.82421875,19572.09375,5996.60888671875,11799.7900390625,30616.30078125,39049.8828125,28706.572265625,13113.5341796875,6121.61572265625,3077.95263671875,73374.421875,2052.600341796875,7053.75830078125,5189.7490234375,9642.6630859375,3418.162841796875,8686.00390625,472.163818359375,6168.71533203125,4081.088134765625,6285.0126953125
20200530_23,92077.640625,23219.5078125,1768.1014404296875,8009.0400390625,2359.476318359375,1628.1488037109375,45545.51171875,1625.5679931640625,7198.58642578125,1640.651123046875,18221.0,2458.240234375,9042.4140625,4526.07177734375,9007.57421875,9976.25390625,4085.0009765625,7730.9892578125,20480.544921875,22444.193359375,19347.0390625,10332.09375,4542.0751953125,2040.958984375,41601.25,1195.0972900390625,4456.322265625,0.0,5863.03955078125,2500.43701171875,5791.1572265625,113.12191009521484,4019.670166015625,2596.978271484375,3888.628173828125
20200531_0,43996.98828125,12238.8642578125,751.44482421875,5872.62841796875,1183.9755859375,906.9296875,28518.935546875,905.0860595703125,5688.45849609375,643.5939331054688,9714.5693359375,478.5320739746094,5972.4169921875,2659.935302734375,5107.572265625,2776.882080078125,2836.218505859375,4499.2548828125,11987.0703125,10181.939453125,11458.01171875,8505.599609375,3132.189208984375,1105.69091796875,18813.84375,197.04110717773438,2462.785888671875,0.0,2761.759765625,1877.947509765625,3239.39111328125,0.0,1817.681884765625,1154.82763671875,1669.424072265625
20200531_1,24595.17578125,8669.34765625,558.412353515625,5093.56787109375,953.6934814453125,707.4033813476562,21404.484375,654.4838256835938,5341.3701171875,362.9417419433594,6562.515625,0.0,4613.197265625,2103.281005859375,3802.52294921875,381.572265625,2476.5693359375,3729.30712890625,7001.3271484375,5716.4765625,8968.25390625,7695.3203125,2552.35009765625,992.1713256835938,10670.2880859375,0.0,1926.784912109375,0.0,1428.5703125,1674.2320556640625,2342.992919921875,0.0,1350.3218994140625,863.5778198242188,1230.2578125
20200531_2,17530.59765625,9090.359375,684.0206909179688,5100.29052734375,1129.3255615234375,800.3199462890625,17335.625,627.0127563476562,5468.76220703125,569.556396484375,6348.48046875,0.0,4395.3994140625,2173.44970703125,3874.622802734375,0.0,2199.05078125,3943.04443359375,4321.865234375,3666.2431640625,9341.8603515625,7400.4892578125,2507.73193359375,1175.420166015625,4774.14697265625,250.69529724121094,1782.1676025390625,0.0,514.3687133789062,1622.79541015625,2483.92431640625,0.0,1914.1876220703125,1070.054931640625,1671.3507080078125
20200531_3,9592.0029296875,8196.26171875,440.576171875,5029.9013671875,768.345947265625,672.4157104492188,14388.798828125,515.2586669921875,5229.72314453125,687.076171875,4900.5380859375,0.0,4542.32080078125,1889.386474609375,3616.724853515625,0.0,1923.831787109375,3784.27001953125,3649.107177734375,1916.3388671875,8191.96875,7187.92333984375,2288.8037109375,978.8099975585938,0.0,0.0,1203.98583984375,0.0,0.0,1537.232666015625,2301.94775390625,0.0,1473.6873779296875,717.5886840820312,1325.3525390625
20200531_4,25085.44140625,11826.36328125,532.5655517578125,5774.607421875,611.2319946289062,636.3273315429688,23680.6171875,687.4739990234375,5431.6533203125,849.0224609375,5228.380859375,561.2177734375,5719.89697265625,2080.10009765625,4234.74267578125,780.051513671875,2886.072265625,5679.58837890625,7254.73388671875,9535.048828125,8945.4296875,7302.73193359375,2241.466552734375,1248.9254150390625,12376.447265625,0.0,1945.637939453125,0.0,1022.8494873046875,1687.9354248046875,2436.3544921875,0.0,1327.315673828125,828.096923828125,1722.6826171875
20200531_5,87328.9453125,29135.041015625,2031.9825439453125,8746.251953125,2210.62451171875,1410.13720703125,50741.4140625,1695.7227783203125,7345.1005859375,1604.0963134765625,13627.853515625,2550.619384765625,8653.94140625,4254.51123046875,7955.1650390625,11940.8525390625,5538.55029296875,11981.8212890625,15377.3779296875,32180.62109375,18666.259765625,8415.1015625,3477.22412109375,3074.25,55742.0625,907.7700805664062,5850.23095703125,2915.8037109375,6577.30029296875,2327.396484375,4853.93505859375,0.0,5035.53271484375,3165.318115234375,5743.0390625
20200531_6,171372.015625,55101.125,4499.37353515625,13449.0263671875,5393.736328125,2913.98583984375,81914.2890625,3323.025634765625,10493.4541015625,2866.9326171875,29057.30078125,5078.2802734375,12272.2177734375,7957.7705078125,14177.3115234375,27862.673828125,8396.0478515625,20072.392578125,24102.5703125,59096.484375,35949.51953125,10667.33984375,6197.82861328125,5628.87890625,105912.71875,3809.890625,11215.685546875,15810.1064453125,13310.3720703125,3204.587890625,9683.416015625,1190.9127197265625,12267.8798828125,7105.68115234375,12405.5048828125
20200531_7,231425.59375,75005.5390625,6661.31201171875,18273.4921875,8288.3857421875,4416.05908203125,102187.1015625,4782.93994140625,13378.58203125,4136.484375,44141.796875,7072.751953125,15285.8720703125,11370.818359375,20532.42578125,40426.7265625,10084.55859375,25789.33984375,30837.21484375,76334.921875,51961.7421875,13502.310546875,9420.2802734375,7254.78955078125,134187.53125,6202.77392578125,14530.4638671875,22931.544921875,16952.962890625,4034.84228515625,14727.455078125,2553.04833984375,18086.98046875,10173.3212890625,17506.296875
20200531_8,257914.484375,84673.375,8307.169921875,22837.90625,9696.5810546875,5577.56640625,115070.1875,5694.2919921875,15776.814453125,5484.8173828125,55113.5546875,9271.07421875,18654.193359375,14061.0703125,26527.408203125,47846.13671875,11111.46484375,29350.044921875,38066.796875,84858.0390625,62574.44140625,16731.017578125,12418.1416015625,8047.08740234375,139537.328125,6941.38623046875,15078.8232421875,23547.73828125,16927.19140625,5076.67431640625,18195.595703125,3128.024169921875,19384.607421875,11310.3544921875,19323.970703125
20200531_9,274279.59375,92451.8046875,9992.3916015625,27452.958984375,10036.4462890625,6516.83642578125,131027.9296875,6272.2841796875,18500.15625,7273.0986328125,63432.5625,12723.6376953125,24023.056640625,16902.482421875,33003.3984375,53810.5390625,12391.763671875,33302.7421875,48204.69921875,93725.421875,70857.296875,20953.35546875,15370.9931640625,9342.861328125,138317.734375,7070.86279296875,15046.525390625,22092.564453125,15762.0947265625,6613.8701171875,20207.328125,2870.213134765625,18210.96484375,11558.919921875,19980.224609375
20200531_10,292150.75,101885.1171875,11464.3056640625,31097.48046875,10099.01171875,7161.38916015625,146869.5,6706.27685546875,21306.255859375,9063.6201171875,69179.609375,16337.2509765625,30227.474609375,19591.892578125,38949.06640625,58818.265625,13422.5849609375,36911.52734375,58214.79296875,102951.359375,78189.28125,26157.201171875,18372.224609375,11125.55859375,137131.890625,7491.57470703125,15659.904296875,21403.75390625,15104.3916015625,8156.205078125,21444.546875,2453.04541015625,17605.849609375,11828.5751953125,21100.59375
20200531_11,302831.84375,106661.5859375,11969.6396484375,32302.916015625,10161.7421875,7360.76416015625,152351.59375,6931.26318359375,22902.517578125,9920.1376953125,70561.7421875,18089.794921875,34003.109375,20670.083984375,42151.09765625,59946.93359375,13366.322265625,37561.5078125,63459.72265625,106045.6953125,81755.2734375,30675.76953125,20776.578125,12018.818359375,133771.453125,7599.59033203125,16074.0859375,21500.0078125,14843.3564453125,8894.1923828125,21968.529296875,2385.50732421875,17736.681640625,11953.23828125,21788.455078125
20200531_12,304323.6875,104247.1171875,11743.1591796875,31715.044921875,10301.4482421875,7385.48583984375,149611.09375,6969.8359375,22987.2734375,9791.9208984375,69473.53125,18017.65234375,34345.30859375,20147.6015625,42725.75,58016.5859375,12813.8720703125,36085.03515625,64401.23046875,103968.546875,81552.5,32740.79296875,21986.248046875,11672.9365234375,131605.5625,7029.05224609375,15856.978515625,21985.580078125,14881.6533203125,8838.33984375,21870.966796875,2575.641357421875,17599.771484375,11836.0166015625,21397.384765625
20200531_13,307716.71875,101773.9140625,11769.6201171875,31647.421875,10588.97265625,7619.67333984375,150369.609375,7029.19970703125,22755.65625,9614.2568359375,70661.796875,17966.978515625,33815.69140625,19915.474609375,43207.66015625,57885.25390625,12976.6513671875,35850.9453125,65504.609375,103944.5859375,82126.4921875,32658.478515625,22246.060546875,11250.6953125,135596.03125,6768.5302734375,15872.4130859375,22394.47265625,15379.7958984375,8801.17578125,21910.6484375,2695.1796875,17467.61328125,11865.939453125,21109.654296875
20200531_14,319843.59375,105190.8984375,12332.7333984375,33128.70703125,10983.91796875,8028.90771484375,157938.265625,7245.38623046875,23266.251953125,9968.1962890625,75174.953125,18824.306640625,34934.703125,21108.263671875,45115.69921875,61496.2578125,13898.2431640625,37577.26953125,69073.0546875,107716.46875,85907.609375,32149.83203125,22230.29296875,11530.13671875,143054.109375,7577.84423828125,16510.9921875,22419.734375,16051.48046875,9231.119140625,22887.841796875,2711.71044921875,18040.228515625,12221.6162109375,21967.4609375
20200531_15,337684.4375,111936.859375,12912.990234375,34970.625,11554.7314453125,8439.4892578125,164634.78125,7588.93359375,24370.09765625,10479.5537109375,79706.2421875,19750.080078125,37118.5390625,22752.193359375,47452.7890625,65852.0546875,14688.6416015625,39105.5625,73372.265625,111060.0859375,90445.609375,31719.787109375,22157.078125,12086.2216796875,150226.421875,8808.107421875,17142.287109375,23434.46484375,16816.94140625,9680.60546875,24808.0859375,2929.00830078125,19256.845703125,12867.9853515625,23602.708984375
20200531_16,353113.03125,116191.8671875,13080.7578125,35450.23046875,12349.076171875,8854.4892578125,163731.671875,7893.16943359375,25127.41015625,10563.2763671875,81459.3125,19736.126953125,37870.23828125,23307.57421875,48255.125,67545.609375,14834.8251953125,39146.7578125,75517.2109375,111515.1484375,92404.296875,30097.232421875,21505.302734375,12284.42578125,158009.265625,9506.51953125,17384.9375,26794.662109375,18094.919921875,9513.1123046875,26652.681640625,3489.123046875,20775.748046875,13790.962890625,25131.1953125
20200531_17,351817.59375,113699.9453125,12483.1376953125,33496.1875,12626.646484375,8967.201171875,154070.203125,7788.82373046875,24408.26171875,9985.8603515625,79069.2734375,18380.517578125,35629.04296875,22095.19921875,45922.984375,65088.15625,14281.0888671875,37597.76171875,73652.0859375,108211.0859375,89389.921875,26455.81640625,19448.736328125,11744.787109375,162941.828125,9371.5078125,17234.841796875,29885.716796875,19345.63671875,8618.376953125,26714.552734375,3951.089111328125,21834.462890625,14293.67578125,25397.931640625
20200531_18,321878.40625,101669.265625,10605.6376953125,28820.775390625,11168.181640625,8041.9228515625,136898.53125,6914.970703125,21501.2890625,8716.1064453125,70913.59375,15598.7373046875,30867.291015625,19148.966796875,39829.2734375,57990.77734375,12958.287109375,33653.94140625,67624.1796875,98439.6796875,79194.75,21826.314453125,15698.84765625,10079.654296875,155793.8125,8246.90625,16228.7041015625,28070.046875,18955.705078125,7315.7724609375,23821.669921875,3634.922119140625,20721.779296875,13019.759765625,22878.568359375
20200531_19,274240.75,81744.8828125,7648.6923828125,22463.6484375,8068.591796875,5986.486328125,116410.734375,5456.40234375,17053.53515625,6959.66552734375,57741.66796875,11956.7197265625,25369.90625,15107.365234375,31394.873046875,47656.578125,11126.185546875,27254.82421875,59516.58984375,82188.8359375,62767.171875,17730.837890625,11151.30859375,7458.94580078125,136800.046875,6110.44140625,14080.30078125,21461.1171875,16683.16015625,5963.8896484375,18855.423828125,2479.61572265625,16635.1796875,9865.623046875,17537.255859375
20200531_20,235556.28125,62004.80078125,4956.96484375,16687.43359375,5158.3203125,3888.349853515625,98686.0390625,4120.337890625,12905.18359375,5298.6767578125,44694.90625,8753.560546875,20804.3984375,11273.0732421875,23653.599609375,37703.21484375,9454.3857421875,20912.40234375,52099.60546875,65282.77734375,46303.078125,14421.85546875,7370.68310546875,5069.43505859375,117507.0625,3841.478271484375,11631.46875,14953.2041015625,14276.0966796875,4778.38134765625,14278.5478515625,1240.958740234375,11699.1669921875,6763.16259765625,12029.87890625
20200531_21,210256.03125,48678.1328125,3493.384765625,12904.765625,3734.3603515625,2720.071533203125,83755.03125,3294.072021484375,10159.4345703125,4145.25634765625,35586.9375,6593.2060546875,17383.580078125,8522.2978515625,18148.9140625,29891.666015625,8086.12646484375,16786.34375,45515.6875,51423.046875,34936.46875,11181.1845703125,5069.412109375,3815.01123046875,100975.2890625,2555.7666015625,9681.48046875,10611.3701171875,12557.296875,3755.163330078125,11422.9111328125,595.4584350585938,8650.96875,5242.015625,8799.5810546875
20200531_22,174544.546875,38468.5390625,2633.182373046875,10299.11328125,3005.845458984375,2156.7333984375,65261.33203125,2636.263427734375,8129.23291015625,3203.694580078125,27905.685546875,4614.35302734375,14018.1044921875,6340.60302734375,13483.765625,22025.927734375,6475.11572265625,13693.306640625,37562.8828125,37253.30859375,26595.744140625,7719.142578125,3513.314208984375,3103.611083984375,77704.1953125,2036.6368408203125,7709.64697265625,5632.748046875,10210.01953125,2739.935546875,9225.169921875,374.0016174316406,7170.17431640625,4464.314453125,7024.875
20200531_23,120420.2109375,26335.447265625,1495.7501220703125,7655.27978515625,1830.180908203125,1451.1507568359375,43015.03515625,1812.354248046875,5979.0126953125,2085.69091796875,18492.37890625,2178.046875,10218.03515625,4032.084228515625,8393.25,13030.625,4644.44873046875,10017.2353515625,28105.775390625,21309.826171875,17450.09765625,4580.076171875,1846.6785888671875,2066.2099609375,47867.55078125,1263.7320556640625,5268.1943359375,0.0,6726.8603515625,1743.3350830078125,6503.44091796875,46.30258560180664,5274.09521484375,3127.439453125,4796.02685546875
